x,ABP
0,91.505
.02,90.746
.04,90.006
.060000000000000005,89.28
.08,88.569
.1,87.874
.12000000000000001,92.824
.13999999999999999,102.734
.16,110.937
.18,116.627
.2,119.282
.22,118.548
.24000000000000002,114.368
.26,107.188
.27999999999999997,105.203
.3,103.805
.32,102.248
.34,100.784
.36,99.573
.38,98.595
.4,97.734
.42000000000000004,96.893
.44,96.035
.45999999999999996,95.169
.48000000000000004,94.323
.5,93.511
.52,92.731
.54,91.976
.5599999999999999,91.237
.5800000000000001,90.512
.6,89.802
.62,89.106
.64,88.427
.66,87.764
.68,87.115
.7,86.479
.72,85.856
.7400000000000001,85.245
.76,84.645
.78,84.057
.8,83.481
.82,82.914
.8400000000000001,82.358
.8600000000000001,81.812
.88,82.446
.9,92.771
.9199999999999999,103.211
.9400000000000001,111.575
.9600000000000001,117.251
.98,119.719
1,118.714
1.02,114.277
1.04,106.741
1.06,104.394
1.08,102.932
1.1,101.342
1.1199999999999999,99.862
1.1400000000000001,98.643
1.1600000000000001,97.661
1.18,96.8
1.2,95.961
1.22,95.106
1.24,94.245
1.26,93.403
1.28,92.594
1.3,91.819
1.32,91.069
1.34,90.335
1.36,89.616
1.3800000000000001,88.911
1.4,88.221
1.4200000000000002,87.547
1.44,86.89
1.46,86.246
1.4800000000000002,85.616
1.5,84.998
1.52,84.393
1.54,83.8
1.56,83.218
1.5800000000000003,82.647
1.6,82.087
1.62,81.536
1.64,80.996
1.6600000000000001,82.41
1.6800000000000002,93.181
1.7,103.601
1.7200000000000002,111.897
1.74,117.463
1.76,119.789
1.7800000000000002,118.631
1.8,114.051
1.82,106.472
1.8399999999999999,104.212
1.86,102.73
1.8800000000000001,101.13
1.9,99.647
1.9200000000000002,98.429
1.94,97.446
1.96,96.582
1.9800000000000002,95.738
2,94.878
2.02,94.013
2.04,93.168
2.06,92.358
2.08,91.581
2.1,90.828
2.12,90.093
2.14,89.371
2.16,88.664
2.18,87.974
2.2,87.299
2.22,86.64
2.2399999999999998,85.996
2.2600000000000002,85.365
2.2800000000000002,84.747
2.3,84.142
2.3200000000000003,83.548
2.34,82.966
2.36,82.395
2.3800000000000003,81.835
2.4,81.285
2.42,80.745
2.44,82.666
2.46,93.611
2.48,103.974
2.5,112.183
2.52,117.632
2.54,119.821
2.56,118.522
2.58,113.81
2.6,106.225
2.62,104.113
2.64,102.62
2.66,101.015
2.68,99.537
2.7,98.326
2.72,97.347
2.7399999999999998,96.483
2.7600000000000002,95.636
2.78,94.773
2.8,93.907
2.8200000000000003,93.061
2.8400000000000003,92.251
2.8600000000000003,91.473
2.88,90.72
2.9,89.984
2.92,89.262
2.9400000000000004,88.555
2.9600000000000004,87.863
2.98,87.188
3,86.529
3.02,85.885
3.04,85.254
3.0600000000000005,84.636
3.08,84.03
3.1,83.437
3.12,82.855
3.14,82.284
3.1600000000000006,81.724
3.1799999999999997,81.174
3.2,80.634
3.22,82.997
3.24,94.044
3.2600000000000002,104.341
3.28,112.456
3.3,117.787
3.3200000000000003,119.841
3.3400000000000003,118.404
3.3600000000000003,113.561
3.38,106.027
3.4,104.04
3.42,102.538
3.4400000000000004,100.932
3.4600000000000004,99.461
3.48,98.259
3.5,97.285
3.52,96.422
3.54,95.574
3.5600000000000005,94.709
3.58,93.842
3.6,92.998
3.62,92.187
3.64,91.41
3.6600000000000006,90.657
3.6799999999999997,89.921
3.7,89.199
3.72,88.492
3.74,87.8
3.7600000000000002,87.126
3.78,86.467
3.8,85.822
3.8200000000000003,85.192
3.8400000000000003,84.574
3.8600000000000003,83.968
3.88,83.375
3.9,82.793
3.92,82.222
3.9400000000000004,81.662
3.9600000000000004,81.112
3.98,80.572
4,83.362
4.0200000000000005,94.477
4.04,104.703
4.0600000000000005,112.722
4.08,117.933
4.1,119.852
4.12,118.279
4.140000000000001,113.308
4.16,105.862
4.18,103.977
4.2,102.467
4.22,100.861
4.24,99.399
4.260000000000001,98.206
4.28,97.238
4.3,96.376
4.32,95.527
4.34,94.661
4.36,93.794
4.38,92.95
4.4,92.141
4.42,91.364
4.44,90.612
4.46,89.876
4.4799999999999995,89.154
4.5,88.447
4.5200000000000005,87.756
4.54,87.081
4.5600000000000005,86.423
4.58,85.779
4.6,85.148
4.62,84.53
4.640000000000001,83.925
4.66,83.332
4.68,82.75
4.7,82.18
4.72,81.62
4.74,81.07
4.760000000000001,80.531
4.78,83.736
4.8,94.907
4.82,105.061
4.84,112.982
4.86,118.073
4.88,119.858
4.9,118.148
4.92,113.049
4.94,105.701
4.96,103.915
4.9799999999999995,102.398
5,100.792
5.0200000000000005,99.339
5.04,98.156
5.0600000000000005,97.194
5.08,96.334
5.1,95.484
5.12,94.618
5.140000000000001,93.751
5.16,92.908
5.18,92.1
5.2,91.324
5.22,90.572
5.24,89.836
5.260000000000001,89.114
5.28,88.408
5.3,87.717
5.32,87.043
5.34,86.385
5.36,85.742
5.38,85.111
5.4,84.494
5.42,83.889
5.44,83.296
5.46,82.715
5.4799999999999995,82.145
5.5,81.585
5.5200000000000005,81.036
5.54,80.496
5.56,84.138
5.58,95.337
5.6,105.416
5.620000000000001,113.239
5.640000000000001,118.208
5.66,119.857
5.680000000000001,118.012
5.7,112.785
5.720000000000001,105.576
5.74,103.858
5.76,102.334
5.78,100.73
5.8,99.285
5.820000000000001,98.112
5.84,97.156
5.859999999999999,96.297
5.880000000000001,95.447
5.9,94.58
5.920000000000001,93.713
5.94,92.871
5.96,92.064
5.98,91.289
6,90.538
6.0200000000000005,89.802
6.04,89.081
6.06,88.375
6.08,87.685
6.1,87.012
6.120000000000001,86.354
6.140000000000001,85.711
6.16,85.081
6.180000000000001,84.464
6.2,83.859
6.220000000000001,83.266
6.24,82.685
6.26,82.115
6.28,81.556
6.3,81.007
6.320000000000001,80.468
6.34,84.538
6.359999999999999,95.763
6.380000000000001,105.767
6.4,113.49
6.420000000000001,118.337
6.44,119.851
6.46,117.87
6.48,112.517
6.5,105.456
6.5200000000000005,103.8
6.54,102.268
6.56,100.666
6.58,99.231
6.6,98.068
6.620000000000001,97.118
6.640000000000001,96.261
6.66,95.409
6.680000000000001,94.542
6.7,93.676
6.720000000000001,92.835
6.74,92.029
6.76,91.255
6.78,90.504
6.8,89.769
6.820000000000001,89.049
6.84,88.343
6.859999999999999,87.653
6.880000000000001,86.981
6.9,86.323
6.920000000000001,85.68
6.94,85.051
6.96,84.434
6.98,83.83
7,83.238
7.0200000000000005,82.657
7.04,82.088
7.06,81.529
7.08,80.98
7.1,80.442
7.120000000000001,84.954
7.140000000000001,96.188
7.16,106.115
7.180000000000001,113.736
7.2,118.461
7.220000000000001,119.84
7.24,117.723
7.26,112.244
7.28,105.346
7.3,103.742
7.320000000000001,102.204
7.34,100.603
7.359999999999999,99.178
7.380000000000001,98.026
7.4,97.081
7.420000000000001,96.225
7.44,95.373
7.46,94.505
7.48,93.639
7.5,92.799
7.5200000000000005,91.995
7.54,91.222
7.56,90.472
7.58,89.737
7.6,89.017
7.620000000000001,88.312
7.640000000000001,87.623
7.66,86.951
7.680000000000001,86.294
7.7,85.652
7.720000000000001,85.023
7.74,84.407
7.76,83.803
7.78,83.211
7.8,82.631
7.820000000000001,82.062
7.84,81.503
7.859999999999999,80.955
7.880000000000001,80.416
7.9,85.375
7.920000000000001,96.61
7.94,106.459
7.96,113.979
7.98,118.579
8,119.823
8.020000000000001,117.571
8.040000000000001,111.966
8.06,105.255
8.08,103.686
8.1,102.141
8.120000000000001,100.543
8.14,99.128
8.16,97.985
8.18,97.046
8.2,96.191
8.22,95.339
8.24,94.47
8.26,93.605
8.280000000000001,92.766
8.3,91.963
8.32,91.191
8.34,90.441
8.36,89.708
8.38,88.988
8.4,88.283
8.42,87.595
8.44,86.923
8.459999999999999,86.267
8.48,85.625
8.5,84.997
8.520000000000001,84.381
8.540000000000001,83.777
8.56,83.186
8.58,82.606
8.6,82.037
8.620000000000001,81.479
8.64,80.931
8.66,80.393
8.68,85.796
8.7,97.029
8.72,106.799
8.74,114.216
8.76,118.693
8.780000000000001,119.801
8.8,117.415
8.82,111.684
8.84,105.161
8.86,103.627
8.88,102.075
8.9,100.481
8.92,99.076
8.94,97.943
8.959999999999999,97.01
8.98,96.156
9,95.302
9.020000000000001,94.433
9.040000000000001,93.569
9.06,92.731
9.08,91.93
9.1,91.159
9.120000000000001,90.41
9.14,89.676
9.16,88.957
9.18,88.253
9.2,87.565
9.22,86.894
9.24,86.239
9.26,85.597
9.280000000000001,84.969
9.3,84.354
9.32,83.751
9.34,83.16
9.36,82.58
9.38,82.012
9.4,81.454
9.42,80.907
9.44,80.369
9.459999999999999,86.232
9.48,97.447
9.5,107.137
9.520000000000001,114.45
9.540000000000001,118.801
9.56,119.773
9.58,117.252
9.6,111.397
9.620000000000001,105.082
9.64,103.57
9.66,102.013
9.68,100.422
9.7,99.027
9.72,97.904
9.74,96.976
9.76,96.123
9.780000000000001,95.268
9.8,94.399
9.82,93.535
9.84,92.699
9.86,91.899
9.88,91.129
9.9,90.38
9.92,89.647
9.94,88.929
9.959999999999999,88.225
9.98,87.538
10,86.867
10.020000000000001,86.212
10.040000000000001,85.571
10.06,84.944
10.08,84.329
10.1,83.726
10.120000000000001,83.136
10.14,82.557
10.16,81.989
10.18,81.431
10.2,80.884
10.22,80.347
10.24,86.665
10.26,97.861
10.280000000000001,107.47
10.3,114.678
10.32,118.904
10.34,119.74
10.36,117.085
10.38,111.105
10.4,105.005
10.42,103.512
10.44,101.949
10.459999999999999,100.362
10.48,98.977
10.5,97.864
10.520000000000001,96.941
10.540000000000001,96.089
10.56,95.234
10.58,94.364
10.6,93.501
10.620000000000001,92.666
10.64,91.867
10.66,91.098
10.68,90.35
10.7,89.618
10.72,88.9
10.74,88.197
10.76,87.51
10.780000000000001,86.84
10.8,86.186
10.82,85.545
10.84,84.918
10.86,84.304
10.88,83.702
10.9,83.111
10.92,82.533
10.94,81.965
10.959999999999999,81.408
10.98,80.861
11,80.324
11.02,87.103
11.040000000000001,98.273
11.06,107.8
11.08,114.902
11.1,119.002
11.12,119.701
11.140000000000002,116.912
11.16,110.809
11.18,104.93
11.2,103.453
11.219999999999999,101.884
11.240000000000002,100.302
11.260000000000002,98.927
11.280000000000001,97.823
11.3,96.905
11.32,96.054
11.340000000000002,95.198
11.360000000000001,94.329
11.38,93.466
11.4,92.633
11.42,91.835
11.440000000000001,91.067
11.46,90.32
11.48,89.588
11.5,88.87
11.52,88.168
11.540000000000001,87.482
11.56,86.813
11.58,86.159
11.6,85.519
11.62,84.892
11.640000000000002,84.278
11.66,83.676
11.68,83.087
11.7,82.509
11.719999999999999,81.941
11.740000000000002,81.385
11.760000000000002,80.838
11.780000000000001,80.302
11.8,87.545
11.82,98.683
11.840000000000002,108.126
11.860000000000001,115.122
11.88,119.094
11.9,119.657
11.92,116.735
11.940000000000001,110.508
11.96,104.864
11.98,103.396
12,101.822
12.02,100.244
12.040000000000001,98.88
12.06,97.786
12.08,96.872
12.1,96.021
12.12,95.165
12.140000000000002,94.295
12.16,93.433
12.18,92.601
12.2,91.804
12.219999999999999,91.037
12.240000000000002,90.291
12.260000000000002,89.559
12.280000000000001,88.842
12.3,88.141
12.32,87.455
12.340000000000002,86.787
12.360000000000001,86.133
12.38,85.494
12.4,84.868
12.42,84.254
12.440000000000001,83.653
12.46,83.064
12.48,82.486
12.5,81.919
12.52,81.363
12.540000000000001,80.817
12.56,80.28
12.58,87.985
12.6,99.088
12.62,108.448
12.640000000000002,115.336
12.66,119.182
12.68,119.609
12.7,116.553
12.719999999999999,110.202
12.740000000000002,104.796
12.760000000000002,103.336
12.780000000000001,101.757
12.8,100.184
12.82,98.831
12.840000000000002,97.746
12.860000000000001,96.837
12.88,95.987
12.9,95.13
12.92,94.259
12.940000000000001,93.398
12.96,92.568
12.98,91.772
13,91.006
13.02,90.26
13.040000000000001,89.529
13.06,88.813
13.08,88.112
13.1,87.427
13.12,86.759
13.140000000000002,86.106
13.16,85.467
13.18,84.842
13.2,84.228
13.219999999999999,83.628
13.240000000000002,83.039
13.260000000000002,82.462
13.280000000000001,81.895
13.3,81.339
13.32,80.794
13.340000000000002,80.258
13.360000000000001,88.432
13.38,99.493
13.4,108.767
13.42,115.547
13.440000000000001,119.264
13.46,119.554
13.48,116.365
13.5,109.892
13.52,104.734
13.540000000000001,103.278
13.56,101.695
13.58,100.127
13.6,98.784
13.62,97.708
13.640000000000002,96.803
13.66,95.954
13.68,95.096
13.7,94.225
13.719999999999999,93.365
13.740000000000002,92.536
13.760000000000002,91.742
13.780000000000001,90.976
13.8,90.231
13.82,89.501
13.840000000000002,88.785
13.860000000000001,88.084
13.88,87.401
13.9,86.733
13.92,86.08
13.940000000000001,85.442
13.96,84.817
13.98,84.204
14,83.604
14.02,83.016
14.040000000000001,82.439
14.06,81.873
14.08,81.317
14.1,80.772
14.12,80.236
14.140000000000002,88.877
14.16,99.893
14.18,109.081
14.2,115.752
14.219999999999999,119.341
14.240000000000002,119.494
14.260000000000002,116.172
14.280000000000001,109.578
14.3,104.673
14.32,103.219
14.340000000000002,101.632
14.360000000000001,100.069
14.38,98.738
14.4,97.67
14.42,96.769
14.440000000000001,95.92
14.46,95.062
14.48,94.191
14.5,93.332
14.52,92.504
14.540000000000001,91.711
14.56,90.947
14.58,90.202
14.6,89.472
14.62,88.757
14.640000000000002,88.057
14.66,87.374
14.68,86.707
14.7,86.055
14.719999999999999,85.417
14.740000000000002,84.792
14.760000000000002,84.18
14.780000000000001,83.58
14.8,82.992
14.82,82.416
14.840000000000002,81.85
14.860000000000001,81.295
14.88,80.75
14.9,80.275
14.92,89.322
14.940000000000001,100.291
14.96,109.392
14.98,115.953
15,119.412
15.02,119.429
15.040000000000001,115.975
15.06,109.259
15.08,104.611
15.1,103.158
15.12,101.567
15.140000000000002,100.01
15.16,98.69
15.18,97.631
15.2,96.734
15.219999999999999,95.886
15.240000000000002,95.026
15.260000000000002,94.156
15.280000000000001,93.297
15.3,92.471
15.32,91.679
15.340000000000002,90.916
15.360000000000001,90.172
15.38,89.443
15.4,88.728
15.42,88.028
15.440000000000001,87.346
15.46,86.679
15.48,86.028
15.5,85.391
15.52,84.767
15.540000000000001,84.155
15.56,83.556
15.58,82.968
15.6,82.392
15.62,81.827
15.640000000000002,81.272
15.66,80.727
15.68,80.386
15.7,89.77
15.719999999999999,100.686
15.740000000000002,109.7
15.760000000000002,116.149
15.780000000000001,119.479
15.8,119.359
15.82,115.772
15.840000000000002,108.935
15.860000000000001,104.555
15.88,103.1
15.9,101.505
15.92,99.955
15.940000000000001,98.645
15.96,97.595
15.98,96.702
16,95.853
16.02,94.993
16.040000000000003,94.123
16.060000000000002,93.265
16.080000000000002,92.44
16.1,91.65
16.12,90.887
16.14,90.144
16.16,89.415
16.18,88.701
16.2,88.002
16.22,87.32
16.240000000000002,86.654
16.26,86.003
16.28,85.366
16.3,84.743
16.32,84.131
16.34,83.533
16.36,82.945
16.38,82.37
16.4,81.805
16.419999999999998,81.251
16.44,80.706
16.46,80.497
16.48,90.214
16.5,101.077
16.52,110.003
16.540000000000003,116.34
16.560000000000002,119.54
16.580000000000002,119.284
16.6,115.565
16.62,108.608
16.64,104.496
16.66,103.039
16.68,101.441
16.7,99.897
16.72,98.599
16.740000000000002,97.557
16.76,96.667
16.78,95.819
16.8,94.958
16.82,94.087
16.84,93.231
16.86,92.407
16.88,91.618
16.9,90.856
16.919999999999998,90.114
16.94,89.385
16.96,88.672
16.98,87.974
17,87.292
17.02,86.627
17.040000000000003,85.977
17.060000000000002,85.341
17.080000000000002,84.717
17.1,84.107
17.12,83.508
17.14,82.921
17.16,82.346
17.18,81.782
17.2,81.228
17.22,80.684
17.240000000000002,80.697
17.26,90.661
17.28,101.467
17.3,110.302
17.32,116.527
17.34,119.595
17.36,119.202
17.38,115.353
17.4,108.275
17.419999999999998,104.439
17.44,102.979
17.46,101.378
17.48,99.842
17.5,98.553
17.52,97.52
17.540000000000003,96.634
17.560000000000002,95.785
17.580000000000002,94.924
17.6,94.053
17.62,93.198
17.64,92.376
17.66,91.588
17.68,90.827
17.7,90.085
17.72,89.357
17.740000000000002,88.644
17.76,87.946
17.78,87.266
17.8,86.601
17.82,85.951
17.84,85.316
17.86,84.693
17.88,84.083
17.9,83.484
17.919999999999998,82.898
17.94,82.323
17.96,81.759
17.98,81.206
18,80.662
18.02,80.908
18.040000000000003,91.106
18.060000000000002,101.852
18.080000000000002,110.598
18.1,116.708
18.12,119.646
18.14,119.116
18.16,115.136
18.18,107.939
18.2,104.384
18.22,102.919
18.240000000000002,101.316
18.26,99.787
18.28,98.509
18.3,97.484
18.32,96.601
18.34,95.753
18.36,94.89
18.38,94.02
18.4,93.166
18.419999999999998,92.344
18.44,91.558
18.46,90.798
18.48,90.056
18.5,89.329
18.52,88.616
18.540000000000003,87.92
18.560000000000002,87.239
18.580000000000002,86.575
18.6,85.926
18.62,85.291
18.64,84.669
18.66,84.059
18.68,83.461
18.7,82.876
18.72,82.301
18.740000000000002,81.738
18.76,81.184
18.78,80.641
18.8,81.142
18.82,91.55
18.84,102.235
18.86,110.889
18.88,116.885
18.9,119.691
18.919999999999998,119.025
18.94,114.913
18.96,107.597
18.98,104.326
19,102.857
19.02,101.251
19.040000000000003,99.73
19.060000000000002,98.463
19.080000000000002,97.446
19.1,96.566
19.12,95.718
19.14,94.855
19.16,93.985
19.18,93.131
19.2,92.312
19.22,91.526
19.240000000000002,90.767
19.26,90.026
19.28,89.299
19.3,88.587
19.32,87.891
19.34,87.212
19.36,86.548
19.38,85.9
19.4,85.265
19.419999999999998,84.643
19.44,84.034
19.46,83.437
19.48,82.851
19.5,82.277
19.52,81.714
19.540000000000003,81.162
19.560000000000002,80.619
19.580000000000002,81.426
19.6,91.994
19.62,102.615
19.64,111.176
19.66,117.057
19.68,119.731
19.7,118.928
19.72,114.686
19.740000000000002,107.252
19.76,104.272
19.78,102.797
19.8,101.19
19.82,99.676
19.84,98.421
19.86,97.411
19.88,96.534
19.9,95.685
19.919999999999998,94.822
19.94,93.952
19.96,93.099
19.98,92.281
20,91.497
20.02,90.738
20.040000000000003,89.998
20.060000000000002,89.272
20.080000000000002,88.561
20.1,87.865
20.12,87.186
20.14,86.523
20.16,85.875
20.18,85.241
20.2,84.62
20.22,84.011
20.240000000000002,83.414
20.26,82.829
20.28,82.256
20.3,81.693
20.32,81.14
20.34,80.598
20.36,81.709
20.38,92.434
20.4,102.991
20.419999999999998,111.459
20.44,117.224
20.46,119.766
20.48,118.826
20.5,114.455
20.52,106.902
20.540000000000003,104.216
20.560000000000002,102.735
20.580000000000002,101.127
20.6,99.621
20.62,98.377
20.64,97.374
20.66,96.5
20.68,95.651
20.7,94.787
20.72,93.917
20.740000000000002,93.066
20.76,92.249
20.78,91.466
20.8,90.709
20.82,89.969
20.84,89.243
20.86,88.532
20.88,87.837
20.9,87.159
20.919999999999998,86.497
20.94,85.849
20.96,85.216
20.98,84.595
21,83.986
21.02,83.39
21.040000000000003,82.806
21.060000000000002,82.233
21.080000000000002,81.67
21.1,81.118
21.12,80.576
21.14,82.034
21.16,92.876
21.18,103.364
21.2,111.739
21.22,117.386
21.240000000000002,119.795
21.26,118.719
21.28,114.218
21.3,106.599
21.32,104.161
21.34,102.673
21.36,101.064
21.38,99.567
21.4,98.333
21.419999999999998,97.338
21.44,96.466
21.46,95.617
21.48,94.753
21.5,93.883
21.52,93.033
21.540000000000003,92.217
21.560000000000002,91.436
21.580000000000002,90.679
21.6,89.94
21.62,89.215
21.64,88.504
21.66,87.81
21.68,87.132
21.7,86.471
21.72,85.824
21.740000000000002,85.191
21.76,84.57
21.78,83.962
21.8,83.367
21.82,82.783
21.84,82.21
21.86,81.648
21.88,81.096
21.9,80.555
21.919999999999998,82.371
21.94,93.314
21.96,103.734
21.98,112.014
22,117.543
22.020000000000003,119.818
22.04,118.606
22.060000000000002,113.976
22.080000000000002,106.367
22.1,104.107
22.12,102.612
22.14,101.003
22.16,99.515
22.180000000000003,98.291
22.2,97.304
22.220000000000002,96.434
22.24,95.585
22.26,94.719
22.280000000000005,93.85
22.3,93.001
22.32,92.187
22.34,91.406
22.36,90.65
22.380000000000003,89.911
22.4,89.187
22.42,88.477
22.439999999999998,87.784
22.46,87.107
22.480000000000004,86.446
22.5,85.799
22.520000000000003,85.166
22.54,84.547
22.560000000000002,83.939
22.580000000000002,83.344
22.6,82.76
22.62,82.188
22.64,81.626
22.66,81.075
22.680000000000003,80.534
22.7,82.715
22.720000000000002,93.75
22.74,104.101
22.76,112.284
22.780000000000005,117.696
22.8,119.837
22.82,118.489
22.84,113.73
22.86,106.136
22.880000000000003,104.05
22.9,102.549
22.92,100.94
22.939999999999998,99.46
22.96,98.247
22.980000000000004,97.267
23,96.4
23.020000000000003,95.55
23.04,94.684
23.060000000000002,93.815
23.080000000000002,92.967
23.1,92.154
23.12,91.375
23.14,90.62
23.16,89.882
23.180000000000003,89.158
23.2,88.449
23.220000000000002,87.756
23.24,87.079
23.26,86.419
23.280000000000005,85.773
23.3,85.141
23.32,84.521
23.34,83.914
23.36,83.32
23.380000000000003,82.736
23.4,82.164
23.42,81.603
23.439999999999998,81.053
23.46,80.512
23.480000000000004,83.092
23.5,94.186
23.520000000000003,104.465
23.54,112.551
23.560000000000002,117.843
23.580000000000002,119.85
23.6,118.366
23.62,113.479
23.64,105.96
23.66,103.996
23.680000000000003,102.488
23.7,100.879
23.720000000000002,99.409
23.74,98.207
23.76,97.232
23.780000000000005,96.367
23.8,95.517
23.82,94.651
23.84,93.782
23.86,92.936
23.880000000000003,92.124
23.9,91.346
23.92,90.591
23.939999999999998,89.854
23.96,89.13
23.980000000000004,88.422
24,87.729
24.020000000000003,87.054
24.04,86.394
24.060000000000002,85.748
24.080000000000002,85.117
24.1,84.498
24.12,83.891
24.14,83.297
24.16,82.714
24.180000000000003,82.143
24.2,81.582
24.220000000000002,81.032
24.24,80.491
24.26,83.466
24.280000000000005,94.619
24.3,104.824
24.32,112.813
24.34,117.985
24.36,119.858
24.380000000000003,118.238
24.4,113.223
24.42,105.798
24.439999999999998,103.94
24.46,102.425
24.480000000000004,100.818
24.5,99.356
24.520000000000003,98.165
24.54,97.197
24.560000000000002,96.334
24.580000000000002,95.483
24.6,94.616
24.62,93.748
24.64,92.903
24.66,92.093
24.680000000000003,91.316
24.7,90.562
24.720000000000002,89.825
24.74,89.102
24.76,88.394
24.780000000000005,87.702
24.8,87.027
24.82,86.368
24.84,85.723
24.86,85.092
24.880000000000003,84.474
24.9,83.868
24.92,83.274
24.939999999999998,82.691
24.96,82.12
24.980000000000004,81.56
25,81.01
25.020000000000003,80.47
25.04,83.86
25.060000000000002,95.05
25.080000000000002,105.181
25.1,113.071
25.12,118.122
25.14,119.86
25.16,118.105
25.180000000000003,112.962
25.2,105.648
25.220000000000002,103.883
25.24,102.362
25.26,100.756
25.280000000000005,99.303
25.3,98.122
25.32,97.161
25.34,96.3
25.36,95.449
25.380000000000003,94.581
25.4,93.714
25.42,92.87
25.439999999999998,92.061
25.46,91.285
25.480000000000004,90.532
25.5,89.796
25.520000000000003,89.073
25.54,88.366
25.560000000000002,87.675
25.580000000000002,87
25.6,86.342
25.62,85.698
25.64,85.067
25.66,84.449
25.680000000000003,83.843
25.7,83.25
25.720000000000002,82.668
25.74,82.097
25.76,81.537
25.780000000000005,80.988
25.8,80.448
25.82,84.263
25.84,95.478
25.86,105.535
25.880000000000003,113.325
25.9,118.254
25.92,119.857
25.939999999999998,117.966
25.96,112.697
25.980000000000004,105.53
26,103.829
26.020000000000003,102.301
26.04,100.696
26.060000000000002,99.254
26.080000000000002,98.083
26.1,97.128
26.12,96.268
26.14,95.416
26.16,94.548
26.180000000000003,93.681
26.2,92.839
26.220000000000002,92.031
26.24,91.256
26.26,90.504
26.280000000000005,89.768
26.3,89.046
26.32,88.339
26.34,87.649
26.36,86.975
26.380000000000003,86.317
26.4,85.673
26.42,85.043
26.439999999999998,84.426
26.46,83.82
26.480000000000004,83.227
26.5,82.646
26.520000000000003,82.076
26.54,81.516
26.560000000000002,80.967
26.580000000000002,80.428
26.6,84.666
26.62,95.904
26.64,105.884
26.66,113.574
26.680000000000003,118.381
26.7,119.85
26.720000000000002,117.823
26.74,112.427
26.76,105.41
26.780000000000005,103.772
26.8,102.237
26.82,100.634
26.84,99.201
26.86,98.041
26.880000000000003,97.092
26.9,96.234
26.92,95.382
26.939999999999998,94.513
26.96,93.646
26.980000000000004,92.805
27,91.999
27.020000000000003,91.225
27.04,90.474
27.060000000000002,89.738
27.080000000000002,89.017
27.1,88.311
27.12,87.621
27.14,86.948
27.16,86.29
27.180000000000003,85.647
27.2,85.018
27.220000000000002,84.401
27.24,83.796
27.26,83.203
27.280000000000005,82.622
27.3,82.053
27.32,81.494
27.34,80.945
27.36,80.406
27.380000000000003,85.09
27.4,96.329
27.42,106.231
27.439999999999998,113.819
27.46,118.503
27.480000000000004,119.836
27.5,117.674
27.520000000000003,112.152
27.54,105.31
27.560000000000002,103.716
27.580000000000002,102.175
27.6,100.574
27.62,99.152
27.64,98.001
27.66,97.058
27.680000000000003,96.201
27.7,95.349
27.720000000000002,94.48
27.74,93.614
27.76,92.773
27.780000000000005,91.969
27.8,91.196
27.82,90.445
27.84,89.71
27.86,88.99
27.880000000000003,88.284
27.9,87.595
27.92,86.922
27.939999999999998,86.265
27.96,85.623
27.980000000000004,84.994
28,84.377
28.020000000000003,83.773
28.04,83.181
28.060000000000002,82.6
28.080000000000002,82.031
28.1,81.472
28.12,80.924
28.14,80.385
28.16,85.511
28.180000000000003,96.75
28.2,106.574
28.220000000000002,114.06
28.24,118.619
28.26,119.817
28.280000000000005,117.52
28.3,111.873
28.32,105.219
28.34,103.66
28.36,102.112
28.380000000000003,100.515
28.4,99.102
28.42,97.962
28.439999999999998,97.024
28.46,96.169
28.480000000000004,95.315
28.5,94.446
28.520000000000003,93.58
28.54,92.742
28.560000000000002,91.938
28.580000000000002,91.166
28.6,90.416
28.62,89.682
28.64,88.962
28.66,88.257
28.680000000000003,87.569
28.7,86.897
28.720000000000002,86.24
28.74,85.598
28.76,84.969
28.780000000000005,84.353
28.8,83.75
28.82,83.158
28.84,82.578
28.86,82.009
28.880000000000003,81.451
28.9,80.902
28.92,80.364
28.939999999999998,85.939
28.96,97.169
28.980000000000004,106.913
29,114.296
29.020000000000003,118.731
29.04,119.793
29.060000000000002,117.361
29.080000000000002,111.589
29.1,105.128
29.12,103.602
29.14,102.048
29.16,100.453
29.180000000000003,99.051
29.2,97.921
29.220000000000002,96.989
29.24,96.134
29.26,95.28
29.280000000000005,94.411
29.3,93.546
29.32,92.708
29.34,91.907
29.36,91.136
29.380000000000003,90.386
29.4,89.653
29.42,88.933
29.439999999999998,88.229
29.46,87.541
29.480000000000004,86.87
29.5,86.214
29.520000000000003,85.572
29.54,84.944
29.560000000000002,84.329
29.580000000000002,83.725
29.6,83.134
29.62,82.555
29.64,81.986
29.66,81.428
29.680000000000003,80.88
29.7,80.342
29.720000000000002,86.374
29.74,97.585
29.76,107.249
29.780000000000005,114.527
29.8,118.837
29.82,119.763
29.84,117.197
29.86,111.3
29.880000000000003,105.052
29.9,103.546
29.92,101.986
29.939999999999998,100.396
29.96,99.003
29.980000000000004,97.883
30,96.956
30.020000000000003,96.103
30.04,95.248
30.060000000000002,94.378
30.080000000000002,93.514
30.1,92.678
30.12,91.877
30.14,91.107
30.16,90.358
30.180000000000003,89.625
30.2,88.906
30.220000000000002,88.203
30.24,87.515
30.26,86.845
30.280000000000005,86.189
30.3,85.548
30.32,84.921
30.34,84.305
30.36,83.703
30.380000000000003,83.112
30.4,82.533
30.42,81.965
30.439999999999998,81.407
30.46,80.86
30.480000000000004,80.322
30.5,86.806
30.520000000000003,97.998
30.54,107.581
30.560000000000002,114.754
30.580000000000002,118.938
30.6,119.728
30.62,117.028
30.64,111.007
30.66,104.975
30.680000000000003,103.487
30.7,101.922
30.720000000000002,100.335
30.74,98.954
30.76,97.843
30.780000000000005,96.921
30.8,96.068
30.82,95.213
30.84,94.343
30.86,93.479
30.880000000000003,92.645
30.9,91.846
30.92,91.076
30.939999999999998,90.328
30.96,89.596
30.980000000000004,88.878
31,88.175
31.020000000000003,87.488
31.04,86.818
31.060000000000002,86.163
31.080000000000002,85.523
31.1,84.895
31.12,84.281
31.14,83.679
31.16,83.088
31.180000000000003,82.51
31.2,81.942
31.220000000000002,81.385
31.24,80.838
31.26,80.301
31.280000000000005,87.249
31.3,98.41
31.32,107.91
31.34,114.977
31.36,119.034
31.380000000000003,119.688
31.4,116.854
31.42,110.709
31.439999999999998,104.904
31.46,103.43
31.480000000000004,101.859
31.5,100.277
31.520000000000003,98.906
31.54,97.804
31.560000000000002,96.887
31.580000000000002,96.036
31.6,95.179
31.62,94.309
31.64,93.446
31.66,92.613
31.680000000000003,91.815
31.7,91.047
31.720000000000002,90.3
31.74,89.568
31.76,88.85
31.780000000000005,88.148
31.8,87.462
31.82,86.792
31.84,86.138
31.86,85.498
31.880000000000003,84.871
31.9,84.257
31.92,83.655
31.939999999999998,83.066
31.96,82.487
31.980000000000004,81.92
32,81.363
32.02,80.817
32.04,80.28
32.06,87.691
32.080000000000005,98.818
32.1,108.234
32.120000000000005,115.195
32.14,119.125
32.160000000000004,119.642
32.18,116.675
32.2,110.407
32.22,104.839
32.24,103.372
32.26,101.796
32.28,100.219
32.3,98.859
32.32,97.766
32.339999999999996,96.854
32.36,96.003
32.38,95.146
32.4,94.276
32.42,93.414
32.44,92.582
32.46,91.785
32.480000000000004,91.018
32.5,90.271
32.52,89.54
32.54,88.823
32.56,88.121
32.580000000000005,87.436
32.6,86.767
32.620000000000005,86.113
32.64,85.474
32.660000000000004,84.847
32.68,84.234
32.7,83.633
32.72,83.043
32.74,82.465
32.76,81.898
32.78,81.342
32.8,80.796
32.82,80.259
32.839999999999996,88.133
32.86,99.224
32.88,108.555
32.9,115.408
32.92,119.211
32.94,119.591
32.96,116.491
32.980000000000004,110.1
33,104.771
33.02,103.312
33.04,101.732
33.06,100.16
33.080000000000005,98.81
33.1,97.727
33.120000000000005,96.819
33.14,95.969
33.160000000000004,95.111
33.18,94.24
33.2,93.379
33.22,92.549
33.24,91.754
33.26,90.987
33.28,90.241
33.3,89.511
33.32,88.794
33.339999999999996,88.093
33.36,87.408
33.38,86.74
33.4,86.087
33.42,85.448
33.44,84.822
33.46,84.209
33.480000000000004,83.608
33.5,83.019
33.52,82.442
33.54,81.875
33.56,81.32
33.580000000000005,80.774
33.6,80.238
33.620000000000005,88.58
33.64,99.627
33.660000000000004,108.873
33.68,115.617
33.7,119.291
33.72,119.535
33.74,116.302
33.76,109.788
33.78,104.711
33.8,103.255
33.82,101.67
33.839999999999996,100.103
33.86,98.764
33.88,97.69
33.9,96.786
33.92,95.937
33.94,95.078
33.96,94.207
33.980000000000004,93.347
34,92.518
34.02,91.724
34.04,90.959
34.06,90.214
34.080000000000005,89.483
34.1,88.767
34.120000000000005,88.067
34.14,87.383
34.160000000000004,86.715
34.18,86.062
34.2,85.424
34.22,84.799
34.24,84.186
34.26,83.586
34.28,82.997
34.3,82.42
34.32,81.854
34.339999999999996,81.299
34.36,80.753
34.38,80.218
34.4,89.023
34.42,100.026
34.44,109.186
34.46,115.82
34.480000000000004,119.366
34.5,119.474
34.52,116.108
34.54,109.472
34.56,104.649
34.580000000000005,103.195
34.6,101.606
34.620000000000005,100.045
34.64,98.717
34.660000000000004,97.652
34.68,96.752
34.7,95.903
34.72,95.044
34.74,94.173
34.76,93.314
34.78,92.486
34.8,91.693
34.82,90.929
34.839999999999996,90.184
34.86,89.454
34.88,88.739
34.9,88.039
34.92,87.356
34.94,86.689
34.96,86.037
34.980000000000004,85.399
35,84.774
35.02,84.162
35.04,83.562
35.06,82.974
35.080000000000005,82.398
35.1,81.832
35.120000000000005,81.277
35.14,80.732
35.160000000000004,80.304
35.18,89.471
35.2,100.423
35.22,109.496
35.24,116.02
35.26,119.436
35.28,119.407
35.3,115.908
35.32,109.152
35.339999999999996,104.589
35.36,103.136
35.38,101.543
35.4,99.988
35.42,98.671
35.44,97.614
35.46,96.719
35.480000000000004,95.87
35.5,95.01
35.52,94.139
35.54,93.281
35.56,92.454
35.580000000000005,91.663
35.6,90.899
35.620000000000005,90.155
35.64,89.426
35.660000000000004,88.711
35.68,88.012
35.7,87.329
35.72,86.663
35.74,86.011
35.76,85.374
35.78,84.75
35.8,84.138
35.82,83.539
35.839999999999996,82.951
35.86,82.375
35.88,81.81
35.9,81.255
35.92,80.71
35.94,80.416
35.96,89.918
35.980000000000004,100.817
36,109.802
36.02,116.214
36.04,119.5
36.06,119.335
36.080000000000005,115.704
36.1,108.827
36.120000000000005,104.533
36.14,103.077
36.160000000000004,101.481
36.18,99.933
36.2,98.626
36.22,97.578
36.24,96.686
36.26,95.837
36.28,94.977
36.3,94.106
36.32,93.249
36.339999999999996,92.423
36.36,91.633
36.38,90.871
36.4,90.127
36.42,89.399
36.44,88.684
36.46,87.986
36.480000000000004,87.304
36.5,86.638
36.52,85.987
36.54,85.35
36.56,84.726
36.580000000000005,84.115
36.6,83.516
36.620000000000005,82.929
36.64,82.353
36.660000000000004,81.788
36.68,81.234
36.7,80.69
36.72,80.551
36.74,90.362
36.76,101.207
36.78,110.103
36.8,116.404
36.82,119.56
36.839999999999996,119.257
36.86,115.495
36.88,108.497
36.9,104.474
36.92,103.016
36.94,101.416
36.96,99.875
36.980000000000004,98.579
37,97.54
37.02,96.651
37.04,95.803
37.06,94.942
37.080000000000005,94.071
37.1,93.214
37.120000000000005,92.391
37.14,91.602
37.160000000000004,90.84
37.18,90.097
37.2,89.369
37.22,88.655
37.24,87.958
37.26,87.276
37.28,86.611
37.3,85.961
37.32,85.324
37.339999999999996,84.701
37.36,84.09
37.38,83.492
37.4,82.905
37.42,82.33
37.44,81.766
37.46,81.212
37.480000000000004,80.668
37.5,80.762
37.52,90.81
37.54,101.596
37.56,110.402
37.580000000000005,116.588
37.6,119.613
37.620000000000005,119.174
37.64,115.281
37.660000000000004,108.164
37.68,104.419
37.7,102.957
37.72,101.355
37.74,99.82
37.76,98.536
37.78,97.504
37.8,96.619
37.82,95.771
37.839999999999996,94.909
37.86,94.038
37.88,93.183
37.9,92.36
37.92,91.573
37.94,90.812
37.96,90.07
37.980000000000004,89.342
38,88.629
38.02,87.931
38.04,87.251
38.06,86.586
38.080000000000005,85.936
38.1,85.301
38.120000000000005,84.678
38.14,84.068
38.160000000000004,83.47
38.18,82.883
38.2,82.308
38.22,81.744
38.24,81.191
38.26,80.647
38.28,80.973
38.3,91.253
38.32,101.98
38.339999999999996,110.695
38.36,116.768
38.38,119.662
38.4,119.087
38.42,115.062
38.44,107.825
38.46,104.363
38.480000000000004,102.896
38.5,101.292
38.52,99.765
38.54,98.491
38.56,97.468
38.580000000000005,96.586
38.6,95.737
38.620000000000005,94.874
38.64,94.004
38.660000000000004,93.15
38.68,92.329
38.7,91.542
38.72,90.782
38.74,90.041
38.76,89.314
38.78,88.601
38.8,87.904
38.82,87.224
38.839999999999996,86.56
38.86,85.911
38.88,85.276
38.9,84.654
38.92,84.044
38.94,83.446
38.96,82.861
38.980000000000004,82.286
39,81.723
39.02,81.169
39.04,80.626
39.06,81.233
39.080000000000005,91.698
39.1,102.362
39.120000000000005,110.985
39.14,116.944
39.160000000000004,119.705
39.18,118.993
39.2,114.838
39.22,107.483
39.24,104.306
39.26,102.834
39.28,101.228
39.3,99.709
39.32,98.446
39.339999999999996,97.431
39.36,96.552
39.38,95.703
39.4,94.84
39.42,93.969
39.44,93.116
39.46,92.297
39.480000000000004,91.512
39.5,90.753
39.52,90.012
39.54,89.285
39.56,88.573
39.580000000000005,87.877
39.6,87.197
39.620000000000005,86.534
39.64,85.886
39.660000000000004,85.251
39.68,84.629
39.7,84.02
39.72,83.423
39.74,82.837
39.76,82.263
39.78,81.7
39.8,81.147
39.82,80.605
39.839999999999996,81.517
39.86,92.141
39.88,102.741
39.9,111.272
39.92,117.114
39.94,119.743
39.96,118.895
39.980000000000004,114.61
40,107.136
40.02,104.252
40.04,102.775
40.06,101.167
40.080000000000005,99.656
40.1,98.404
40.120000000000005,97.396
40.14,96.52
40.160000000000004,95.671
40.18,94.807
40.2,93.937
40.22,93.085
40.24,92.267
40.26,91.483
40.28,90.724
40.3,89.984
40.32,89.258
40.339999999999996,88.546
40.36,87.851
40.38,87.172
40.4,86.509
40.42,85.861
40.44,85.227
40.46,84.606
40.480000000000004,83.997
40.5,83.4
40.52,82.815
40.54,82.242
40.56,81.679
40.580000000000005,81.127
40.6,80.584
40.620000000000005,81.806
40.64,92.581
40.660000000000004,103.116
40.68,111.553
40.7,117.279
40.72,119.776
40.74,118.791
40.76,114.376
40.78,106.787
40.8,104.195
40.82,102.712
40.839999999999996,101.103
40.86,99.6
40.88,98.359
40.9,97.359
40.92,96.485
40.94,95.636
40.96,94.772
40.980000000000004,93.902
41,93.051
41.02,92.234
41.04,91.451
41.06,90.694
41.080000000000005,89.954
41.1,89.229
41.120000000000005,88.518
41.14,87.823
41.160000000000004,87.145
41.18,86.483
41.2,85.835
41.22,85.202
41.24,84.581
41.26,83.973
41.28,83.376
41.3,82.792
41.32,82.219
41.339999999999996,81.657
41.36,81.105
41.38,80.563
41.4,82.144
41.42,93.022
41.44,103.488
41.46,111.831
41.480000000000004,117.44
41.5,119.803
41.52,118.682
41.54,114.138
41.56,106.521
41.580000000000005,104.141
41.6,102.651
41.620000000000005,101.042
41.64,99.547
41.660000000000004,98.317
41.68,97.324
41.7,96.453
41.72,95.604
41.74,94.739
41.76,93.869
41.78,93.019
41.8,92.204
41.82,91.422
41.839999999999996,90.665
41.86,89.926
41.88,89.201
41.9,88.491
41.92,87.797
41.94,87.119
41.96,86.458
41.980000000000004,85.811
42,85.178
42.02,84.557
42.04,83.95
42.06,83.354
42.080000000000005,82.77
42.1,82.197
42.120000000000005,81.635
42.14,81.084
42.160000000000004,80.542
42.18,82.481
42.2,93.459
42.22,103.857
42.24,112.104
42.26,117.595
42.28,119.825
42.3,118.568
42.32,113.895
42.339999999999996,106.289
42.36,104.086
42.38,102.59
42.4,100.98
42.42,99.494
42.44,98.275
42.46,97.289
42.480000000000004,96.42
42.5,95.57
42.52,94.705
42.54,93.835
42.56,92.987
42.580000000000005,92.173
42.6,91.392
42.620000000000005,90.637
42.64,89.898
42.660000000000004,89.174
42.68,88.464
42.7,87.77
42.72,87.093
42.74,86.432
42.76,85.786
42.78,85.153
42.8,84.534
42.82,83.926
42.839999999999996,83.331
42.86,82.747
42.88,82.175
42.9,81.614
42.92,81.062
42.94,80.521
42.96,82.839
42.980000000000004,93.896
43,104.223
43.02,112.374
43.04,117.745
43.06,119.842
43.080000000000005,118.449
43.1,113.647
43.120000000000005,106.07
43.14,104.03
43.160000000000004,102.527
43.18,100.917
43.2,99.44
43.22,98.231
43.24,97.253
43.26,96.386
43.28,95.536
43.3,94.67
43.32,93.801
43.339999999999996,92.953
43.36,92.141
43.38,91.362
43.4,90.607
43.42,89.869
43.44,89.145
43.46,88.436
43.480000000000004,87.743
43.5,87.067
43.52,86.406
43.54,85.76
43.56,85.128
43.580000000000005,84.509
43.6,83.902
43.620000000000005,83.307
43.64,82.724
43.660000000000004,82.152
43.68,81.591
43.7,81.04
43.72,80.5
43.74,83.215
43.76,94.331
43.78,104.585
43.8,112.639
43.82,117.891
43.839999999999996,119.853
43.86,118.324
43.88,113.394
43.9,105.906
43.92,103.976
43.94,102.466
43.96,100.857
43.980000000000004,99.39
44,98.191
44.02,97.219
44.040000000000006,96.354
44.06000000000001,95.504
44.08,94.637
44.1,93.768
44.120000000000005,92.922
44.14,92.111
44.160000000000004,91.333
44.18,90.579
44.2,89.841
44.22,89.118
44.24,88.409
44.260000000000005,87.717
44.28,87.041
44.3,86.382
44.32,85.736
44.34,85.105
44.36000000000001,84.486
44.379999999999995,83.879
44.4,83.285
44.42,82.702
44.440000000000005,82.131
44.46000000000001,81.57
44.48,81.02
44.5,80.479
44.52,83.59
44.540000000000006,94.762
44.56000000000001,104.943
44.58,112.9
44.6,118.031
44.620000000000005,119.86
44.64,118.194
44.660000000000004,113.137
44.68,105.743
44.7,103.92
44.72,102.402
44.74,100.795
44.760000000000005,99.336
44.78,98.148
44.8,97.183
44.82,96.32
44.84,95.469
44.86000000000001,94.602
44.879999999999995,93.734
44.9,92.889
44.92,92.079
44.940000000000005,91.302
44.96000000000001,90.549
44.98,89.812
45,89.089
45.02,88.381
45.040000000000006,87.69
45.06000000000001,87.015
45.08,86.355
45.1,85.711
45.120000000000005,85.08
45.14,84.461
45.160000000000004,83.855
45.18,83.261
45.2,82.679
45.22,82.108
45.24,81.548
45.260000000000005,80.998
45.28,80.458
45.3,83.994
45.32,95.193
45.34,105.3
45.36000000000001,113.157
45.379999999999995,118.167
45.4,119.86
45.42,118.059
45.440000000000005,112.874
45.46000000000001,105.607
45.48,103.864
45.5,102.34
45.52,100.734
45.540000000000006,99.285
45.56000000000001,98.108
45.58,97.148
45.6,96.288
45.620000000000005,95.436
45.64,94.568
45.660000000000004,93.701
45.68,92.857
45.7,92.049
45.72,91.273
45.74,90.52
45.760000000000005,89.784
45.78,89.061
45.8,88.354
45.82,87.663
45.84,86.989
45.86000000000001,86.33
45.879999999999995,85.686
45.9,85.055
45.92,84.438
45.940000000000005,83.832
45.96000000000001,83.239
45.98,82.657
46,82.086
46.02,81.527
46.040000000000006,80.977
46.06000000000001,80.437
46.08,84.396
46.1,95.621
46.120000000000005,105.652
46.14,113.409
46.160000000000004,118.297
46.18,119.856
46.2,117.919
46.22,112.608
46.24,105.49
46.260000000000005,103.809
46.28,102.278
46.3,100.674
46.32,99.235
46.34,98.067
46.36000000000001,97.114
46.379999999999995,96.255
46.4,95.403
46.42,94.535
46.440000000000005,93.668
46.46000000000001,92.825
46.48,92.018
46.5,91.243
46.52,90.491
46.540000000000006,89.756
46.56000000000001,89.034
46.58,88.327
46.6,87.637
46.620000000000005,86.963
46.64,86.305
46.660000000000004,85.662
46.68,85.032
46.7,84.414
46.72,83.809
46.74,83.216
46.760000000000005,82.635
46.78,82.065
46.8,81.505
46.82,80.956
46.84,80.417
46.86000000000001,84.807
46.879999999999995,96.046
46.9,106
46.92,113.657
46.940000000000005,118.422
46.96000000000001,119.846
46.98,117.774
47,112.336
47.02,105.373
47.040000000000006,103.752
47.06000000000001,102.214
47.08,100.612
47.1,99.183
47.120000000000005,98.026
47.14,97.078
47.160000000000004,96.221
47.18,95.368
47.2,94.5
47.22,93.633
47.24,92.792
47.260000000000005,91.987
47.28,91.213
47.3,90.461
47.32,89.726
47.34,89.005
47.36000000000001,88.299
47.379999999999995,87.61
47.4,86.936
47.42,86.279
47.440000000000005,85.636
47.46000000000001,85.006
47.48,84.389
47.5,83.785
47.52,83.192
47.540000000000006,82.612
47.56000000000001,82.042
47.58,81.483
47.6,80.934
47.620000000000005,80.395
47.64,85.23
47.660000000000004,96.469
47.68,106.346
47.7,113.9
47.72,118.542
47.74,119.83
47.760000000000005,117.623
47.78,112.06
47.8,105.28
47.82,103.697
47.84,102.153
47.86000000000001,100.554
47.879999999999995,99.134
47.9,97.987
47.92,97.045
47.940000000000005,96.189
47.96000000000001,95.336
47.98,94.467
48,93.601
48.02,92.761
48.040000000000006,91.957
48.06000000000001,91.184
48.08,90.433
48.1,89.699
48.120000000000005,88.978
48.14,88.273
48.160000000000004,87.584
48.18,86.911
48.2,86.255
48.22,85.612
48.24,84.983
48.260000000000005,84.366
48.28,83.762
48.3,83.17
48.32,82.59
48.34,82.021
48.36000000000001,81.462
48.379999999999995,80.914
48.4,80.375
48.42,85.65
48.440000000000005,96.889
48.46000000000001,106.687
48.48,114.139
48.5,118.657
48.52,119.81
48.540000000000006,117.468
48.56000000000001,111.779
48.58,105.187
48.6,103.639
48.620000000000005,102.089
48.64,100.493
48.660000000000004,99.083
48.68,97.946
48.7,97.01
48.72,96.155
48.74,95.302
48.760000000000005,94.432
48.78,93.567
48.8,92.728
48.82,91.926
48.84,91.154
48.86000000000001,90.404
48.879999999999995,89.67
48.9,88.95
48.92,88.245
48.940000000000005,87.557
48.96000000000001,86.885
48.98,86.229
49,85.587
49.02,84.958
49.040000000000006,84.342
49.06000000000001,83.739
49.08,83.147
49.1,82.567
49.120000000000005,81.998
49.14,81.44
49.160000000000004,80.892
49.18,80.354
49.2,86.084
49.22,97.308
49.24,107.026
49.260000000000005,114.374
49.28,118.767
49.3,119.783
49.32,117.307
49.34,111.493
49.36000000000001,105.102
49.379999999999995,103.582
49.4,102.026
49.42,100.433
49.440000000000005,99.034
49.46000000000001,97.907
49.48,96.976
49.5,96.122
49.52,95.268
49.540000000000006,94.398
49.56000000000001,93.533
49.58,92.696
49.6,91.895
49.620000000000005,91.124
49.64,90.375
49.660000000000004,89.641
49.68,88.922
49.7,88.218
49.72,87.53
49.74,86.859
49.760000000000005,86.203
49.78,85.562
49.8,84.934
49.82,84.318
49.84,83.715
49.86000000000001,83.124
49.879999999999995,82.545
49.9,81.976
49.92,81.418
49.940000000000005,80.871
49.96000000000001,80.333
49.98,86.518
50,97.723
50.02,107.36
50.040000000000006,114.604
50.06000000000001,118.872
50.08,119.752
50.1,117.142
50.120000000000005,111.203
50.14,105.026
50.160000000000004,103.526
50.18,101.964
50.2,100.375
50.22,98.986
50.24,97.869
50.260000000000005,96.943
50.28,96.09
50.3,95.235
50.32,94.365
50.34,93.501
50.36000000000001,92.665
50.379999999999995,91.865
50.4,91.095
50.42,90.347
50.440000000000005,89.614
50.46000000000001,88.895
50.48,88.191
50.5,87.504
50.52,86.834
50.540000000000006,86.179
50.56000000000001,85.538
50.58,84.91
50.6,84.295
50.620000000000005,83.693
50.64,83.102
50.660000000000004,82.523
50.68,81.955
50.7,81.397
50.72,80.85
50.74,80.313
50.760000000000005,86.953
50.78,98.136
50.8,107.691
50.82,114.829
50.84,118.971
50.86000000000001,119.716
50.879999999999995,116.971
50.9,110.908
50.92,104.949
50.940000000000005,103.467
50.96000000000001,101.899
50.98,100.314
51,98.936
51.02,97.828
51.040000000000006,96.908
51.06000000000001,96.056
51.08,95.2
51.1,94.33
51.120000000000005,93.466
51.14,92.632
51.160000000000004,91.833
51.18,91.065
51.2,90.317
51.22,89.584
51.24,88.866
51.260000000000005,88.163
51.28,87.477
51.3,86.807
51.32,86.152
51.34,85.512
51.36000000000001,84.885
51.379999999999995,84.271
51.4,83.668
51.42,83.078
51.440000000000005,82.5
51.46000000000001,81.932
51.48,81.375
51.5,80.828
51.52,80.291
51.540000000000006,87.396
51.56000000000001,98.547
51.58,108.018
51.6,115.05
51.620000000000005,119.065
51.64,119.673
51.660000000000004,116.795
51.68,110.609
51.7,104.882
51.72,103.41
51.74,101.837
51.760000000000005,100.257
51.78,98.889
51.8,97.791
51.82,96.875
51.84,96.024
51.86000000000001,95.167
51.879999999999995,94.297
51.9,93.434
51.92,92.601
51.940000000000005,91.804
51.96000000000001,91.036
51.98,90.289
52,89.557
52.02,88.839
52.040000000000006,88.137
52.06000000000001,87.451
52.08,86.782
52.1,86.128
52.120000000000005,85.488
52.14,84.862
52.160000000000004,84.248
52.18,83.646
52.2,83.056
52.22,82.478
52.24,81.911
52.260000000000005,81.354
52.28,80.808
52.3,80.271
52.32,87.837
52.34,98.953
52.36000000000001,108.342
52.379999999999995,115.266
52.4,119.154
52.42,119.626
52.440000000000005,116.614
52.46000000000001,110.305
52.48,104.815
52.5,103.352
52.52,101.774
52.540000000000006,100.198
52.56000000000001,98.841
52.58,97.752
52.6,96.841
52.620000000000005,95.99
52.64,95.133
52.660000000000004,94.263
52.68,93.401
52.7,92.569
52.72,91.773
52.74,91.006
52.760000000000005,90.26
52.78,89.529
52.8,88.811
52.82,88.11
52.84,87.425
52.86000000000001,86.756
52.879999999999995,86.103
52.9,85.463
52.92,84.837
52.940000000000005,84.224
52.96000000000001,83.623
52.98,83.033
53,82.455
53.02,81.889
53.040000000000006,81.332
53.06000000000001,80.786
53.08,80.25
53.1,88.282
53.120000000000005,99.358
53.14,108.662
53.160000000000004,115.478
53.18,119.238
53.2,119.573
53.22,116.428
53.24,109.996
53.260000000000005,104.75
53.28,103.292
53.3,101.71
53.32,100.14
53.34,98.793
53.36000000000001,97.714
53.379999999999995,96.807
53.4,95.957
53.42,95.099
53.440000000000005,94.228
53.46000000000001,93.367
53.48,92.537
53.5,91.742
53.52,90.976
53.540000000000006,90.231
53.56000000000001,89.5
53.58,88.783
53.6,88.082
53.620000000000005,87.398
53.64,86.73
53.660000000000004,86.077
53.68,85.438
53.7,84.813
53.72,84.2
53.74,83.599
53.760000000000005,83.01
53.78,82.433
53.8,81.866
53.82,81.311
53.84,80.765
53.86000000000001,80.229
53.879999999999995,88.728
53.9,99.76
53.92,108.978
53.940000000000005,115.685
53.96000000000001,119.316
53.98,119.515
54,116.237
54.02,109.683
54.040000000000006,104.69
54.06000000000001,103.235
54.08,101.648
54.1,100.084
54.120000000000005,98.748
54.14,97.677
54.160000000000004,96.774
54.18,95.925
54.2,95.066
54.22,94.195
54.24,93.335
54.260000000000005,92.507
54.28,91.713
54.3,90.948
54.32,90.203
54.34,89.473
54.36000000000001,88.757
54.379999999999995,88.056
54.4,87.372
54.42,86.705
54.440000000000005,86.053
54.46000000000001,85.414
54.48,84.789
54.5,84.177
54.52,83.576
54.540000000000006,82.988
54.56000000000001,82.411
54.58,81.845
54.6,81.29
54.620000000000005,80.744
54.64,80.228
54.660000000000004,89.172
54.68,100.158
54.7,109.29
54.72,115.887
54.74,119.39
54.760000000000005,119.452
54.78,116.042
54.8,109.366
54.82,104.628
54.84,103.174
54.86000000000001,101.584
54.879999999999995,100.025
54.9,98.7
54.92,97.638
54.940000000000005,96.74
54.96000000000001,95.89
54.98,95.031
55,94.16
55.02,93.301
55.040000000000006,92.474
55.06000000000001,91.682
55.08,90.917
55.1,90.173
55.120000000000005,89.443
55.14,88.728
55.160000000000004,88.028
55.18,87.345
55.2,86.678
55.22,86.027
55.24,85.389
55.260000000000005,84.764
55.28,84.152
55.3,83.552
55.32,82.964
55.34,82.388
55.36000000000001,81.823
55.379999999999995,81.267
55.4,80.723
55.42,80.339
55.440000000000005,89.62
55.46000000000001,100.555
55.48,109.598
55.5,116.085
55.52,119.458
55.540000000000006,119.383
55.56000000000001,115.841
55.58,109.044
55.6,104.57
55.620000000000005,103.116
55.64,101.522
55.660000000000004,99.969
55.68,98.655
55.7,97.602
55.72,96.707
55.74,95.858
55.760000000000005,94.998
55.78,94.127
55.8,93.269
55.82,92.443
55.84,91.652
55.86000000000001,90.889
55.879999999999995,90.145
55.9,89.416
55.92,88.701
55.940000000000005,88.002
55.96000000000001,87.319
55.98,86.653
56,86.002
56.02,85.365
56.040000000000006,84.741
56.06000000000001,84.129
56.08,83.53
56.1,82.942
56.120000000000005,82.366
56.14,81.801
56.160000000000004,81.247
56.18,80.702
56.2,80.452
56.22,90.065
56.24,100.947
56.260000000000005,109.903
56.28,116.278
56.3,119.521
56.32,119.31
56.34,115.635
56.36000000000001,108.718
56.379999999999995,104.513
56.4,103.056
56.42,101.459
56.440000000000005,99.913
56.46000000000001,98.61
56.48,97.565
56.5,96.674
56.52,95.825
56.540000000000006,94.964
56.56000000000001,94.093
56.58,93.236
56.6,92.412
56.620000000000005,91.622
56.64,90.86
56.660000000000004,90.116
56.68,89.388
56.7,88.674
56.72,87.975
56.74,87.293
56.760000000000005,86.628
56.78,85.977
56.8,85.34
56.82,84.717
56.84,84.106
56.86000000000001,83.507
56.879999999999995,82.92
56.9,82.344
56.92,81.78
56.940000000000005,81.225
56.96000000000001,80.681
56.98,80.621
57,90.512
57.02,101.337
57.040000000000006,110.203
57.06000000000001,116.466
57.08,119.578
57.1,119.23
57.120000000000005,115.424
57.14,108.387
57.160000000000004,104.454
57.18,102.995
57.2,101.395
57.22,99.856
57.24,98.564
57.260000000000005,97.527
57.28,96.64
57.3,95.791
57.32,94.93
57.34,94.059
57.36000000000001,93.203
57.379999999999995,92.379
57.4,91.591
57.42,90.83
57.440000000000005,90.087
57.46000000000001,89.359
57.48,88.645
57.5,87.948
57.52,87.266
57.540000000000006,86.601
57.56000000000001,85.951
57.58,85.315
57.6,84.692
57.620000000000005,84.081
57.64,83.483
57.660000000000004,82.897
57.68,82.321
57.7,81.757
57.72,81.203
57.74,80.659
57.760000000000005,80.832
57.78,90.958
57.8,101.724
57.82,110.5
57.84,116.649
57.86000000000001,119.63
57.879999999999995,119.146
57.9,115.209
57.92,108.051
57.940000000000005,104.4
57.96000000000001,102.936
57.98,101.333
58,99.802
58.02,98.52
58.040000000000006,97.492
58.06000000000001,96.608
58.08,95.759
58.1,94.897
58.120000000000005,94.026
58.14,93.171
58.160000000000004,92.349
58.18,91.562
58.2,90.801
58.22,90.059
58.24,89.332
58.260000000000005,88.619
58.28,87.922
58.3,87.241
58.32,86.577
58.34,85.927
58.36000000000001,85.291
58.379999999999995,84.669
58.4,84.059
58.42,83.461
58.440000000000005,82.875
58.46000000000001,82.3
58.48,81.736
58.5,81.183
58.52,80.639
58.540000000000006,81.043
58.56000000000001,91.4
58.58,102.107
58.6,110.792
58.620000000000005,116.827
58.64,119.677
58.660000000000004,119.056
58.68,114.988
58.7,107.712
58.72,104.343
58.74,102.874
58.760000000000005,101.269
58.78,99.745
58.8,98.475
58.82,97.454
58.84,96.573
58.86000000000001,95.725
58.879999999999995,94.862
58.9,93.991
58.92,93.137
58.940000000000005,92.317
58.96000000000001,91.531
58.98,90.771
59,90.03
59.02,89.303
59.040000000000006,88.59
59.06000000000001,87.894
59.08,87.214
59.1,86.55
59.120000000000005,85.901
59.14,85.266
59.160000000000004,84.644
59.18,84.034
59.2,83.437
59.22,82.851
59.24,82.277
59.260000000000005,81.714
59.28,81.161
59.3,80.617
59.32,81.327
59.34,91.846
59.36000000000001,102.489
59.379999999999995,111.081
59.4,117.001
59.42,119.719
59.440000000000005,118.961
59.46000000000001,114.763
59.48,107.368
59.5,104.288
59.52,102.814
59.540000000000006,101.208
59.56000000000001,99.691
59.58,98.431
59.6,97.419
59.620000000000005,96.541
59.64,95.692
59.660000000000004,94.828
59.68,93.958
59.7,93.105
59.72,92.286
59.74,91.501
59.760000000000005,90.742
59.78,90.002
59.8,89.275
59.82,88.563
59.84,87.867
59.86000000000001,87.188
59.879999999999995,86.525
59.9,85.877
59.92,85.242
59.940000000000005,84.62
59.96000000000001,84.034
59.98,83.437
60,82.851
60.02,82.277
60.040000000000006,81.714
60.06000000000001,81.161
60.08,80.617
60.1,81.327
60.120000000000005,91.846
60.14,102.489
60.160000000000004,111.081
60.18,117.001
60.2,119.719
60.22,118.714
60.24,114.277
60.260000000000005,106.741
60.28,104.394
60.3,102.932
60.32,101.342
60.34,99.862
60.36000000000001,98.643
60.379999999999995,97.661
60.4,96.8
60.42,95.961
60.440000000000005,95.106
60.46000000000001,94.245
60.48,93.403
60.5,92.594
60.52,91.819
60.540000000000006,91.069
60.56000000000001,90.335
60.58,89.616
60.6,88.911
60.620000000000005,88.221
60.64,87.547
60.660000000000004,86.89
60.68,86.246
60.7,85.616
60.72,84.998
60.74,84.393
60.760000000000005,83.8
60.78,83.218
60.8,82.647
60.82,82.087
60.84,81.536
60.86000000000001,80.996
60.879999999999995,82.41
60.9,93.181
60.92,103.601
60.940000000000005,111.897
60.96000000000001,117.463
60.98,119.789
61,118.631
61.02,114.051
61.040000000000006,106.472
61.06000000000001,104.212
61.08,102.73
61.1,101.13
61.120000000000005,99.647
61.14,98.429
61.160000000000004,97.446
61.18,96.582
61.2,95.738
61.22,94.878
61.24,94.013
61.260000000000005,93.168
61.28,92.358
61.3,91.581
61.32,90.828
61.34,90.093
61.36000000000001,89.371
61.379999999999995,88.664
61.4,87.974
61.42,87.299
61.440000000000005,86.64
61.46000000000001,85.996
61.48,85.365
61.5,84.747
61.52,84.142
61.540000000000006,83.548
61.56000000000001,82.966
61.58,82.395
61.6,81.835
61.620000000000005,81.285
61.64,80.745
61.660000000000004,82.666
61.68,93.611
61.7,103.974
61.72,112.183
61.74,117.632
61.760000000000005,119.821
61.78,118.522
61.8,113.81
61.82,106.225
61.84,104.113
61.86000000000001,102.62
61.879999999999995,101.015
61.9,99.537
61.92,98.326
61.940000000000005,97.347
61.96000000000001,96.483
61.98,95.636
62,94.773
62.02,93.907
62.040000000000006,93.061
62.06000000000001,92.251
62.08,91.473
62.1,90.72
62.120000000000005,89.984
62.14,89.262
62.160000000000004,88.555
62.18,87.863
62.2,87.188
62.22,86.529
62.24,85.885
62.260000000000005,85.254
62.28,84.636
62.3,84.03
62.32,83.437
62.34,82.855
62.36000000000001,82.284
62.379999999999995,81.724
62.4,81.174
62.42,80.634
62.440000000000005,82.997
62.46000000000001,94.044
62.48,104.341
62.5,112.456
62.52,117.787
62.540000000000006,119.841
62.56000000000001,118.404
62.58,113.561
62.6,106.027
62.620000000000005,104.04
62.64,102.538
62.660000000000004,100.932
62.68,99.461
62.7,98.259
62.72,97.285
62.74,96.422
62.760000000000005,95.574
62.78,94.709
62.8,93.842
62.82,92.998
62.84,92.187
62.86000000000001,91.41
62.879999999999995,90.657
62.9,89.921
62.92,89.199
62.940000000000005,88.492
62.96000000000001,87.8
62.98,87.126
63,86.467
63.02,85.822
63.040000000000006,85.192
63.06000000000001,84.574
63.08,83.968
63.1,83.375
63.120000000000005,82.793
63.14,82.222
63.160000000000004,81.662
63.18,81.112
63.2,80.572
63.22,83.362
63.24,94.477
63.260000000000005,104.703
63.28,112.722
63.3,117.933
63.32,119.852
63.34,118.279
63.36000000000001,113.308
63.379999999999995,105.862
63.4,103.977
63.42,102.467
63.440000000000005,100.861
63.46000000000001,99.399
63.48,98.206
63.5,97.238
63.52,96.376
63.540000000000006,95.527
63.56000000000001,94.661
63.58,93.794
63.6,92.95
63.620000000000005,92.141
63.64,91.364
63.660000000000004,90.612
63.68,89.876
63.7,89.154
63.72,88.447
63.74,87.756
63.760000000000005,87.081
63.78,86.423
63.8,85.779
63.82,85.148
63.84,84.53
63.86000000000001,83.925
63.879999999999995,83.332
63.9,82.75
63.92,82.18
63.940000000000005,81.62
63.96000000000001,81.07
63.98,80.531
64,83.736
64.02,94.907
64.04,105.061
64.06,112.982
64.08,118.073
64.1,119.858
64.12,118.148
64.14,113.049
64.16000000000001,105.701
64.17999999999999,103.915
64.2,102.398
64.22,100.792
64.24000000000001,99.339
64.26,98.156
64.28,97.194
64.3,96.334
64.32000000000001,95.484
64.34,94.618
64.36,93.751
64.38,92.908
64.4,92.1
64.42,91.324
64.44,90.572
64.46000000000001,89.836
64.48,89.114
64.5,88.408
64.52,87.717
64.54,87.043
64.56,86.385
64.58,85.742
64.6,85.111
64.62,84.494
64.64,83.889
64.66000000000001,83.296
64.67999999999999,82.715
64.7,82.145
64.72,81.585
64.74000000000001,81.036
64.76,80.496
64.78,84.138
64.8,95.337
64.82000000000001,105.416
64.84,113.239
64.86,118.208
64.88,119.857
64.9,118.012
64.92,112.785
64.94,105.576
64.96000000000001,103.858
64.98,102.334
65,100.73
65.02,99.285
65.04,98.112
65.06,97.156
65.08,96.297
65.1,95.447
65.12,94.58
65.14,93.713
65.16000000000001,92.871
65.17999999999999,92.064
65.2,91.289
65.22,90.538
65.24000000000001,89.802
65.26,89.081
65.28,88.375
65.3,87.685
65.32000000000001,87.012
65.34,86.354
65.36,85.711
65.38,85.081
65.4,84.464
65.42,83.859
65.44,83.266
65.46000000000001,82.685
65.48,82.115
65.5,81.556
65.52,81.007
65.54,80.468
65.56,84.538
65.58,95.763
65.6,105.767
65.62,113.49
65.64,118.337
65.66000000000001,119.851
65.67999999999999,117.87
65.7,112.517
65.72,105.456
65.74000000000001,103.8
65.76,102.268
65.78,100.666
65.8,99.231
65.82000000000001,98.068
65.84,97.118
65.86,96.261
65.88,95.409
65.9,94.542
65.92,93.676
65.94,92.835
65.96000000000001,92.029
65.98,91.255
66,90.504
66.02,89.769
66.04,89.049
66.06,88.343
66.08,87.653
66.1,86.981
66.12,86.323
66.14,85.68
66.16000000000001,85.051
66.17999999999999,84.434
66.2,83.83
66.22,83.238
66.24000000000001,82.657
66.26,82.088
66.28,81.529
66.3,80.98
66.32000000000001,80.442
66.34,84.954
66.36,96.188
66.38,106.115
66.4,113.736
66.42,118.461
66.44,119.84
66.46000000000001,117.723
66.48,112.244
66.5,105.346
66.52,103.742
66.54,102.204
66.56,100.603
66.58,99.178
66.6,98.026
66.62,97.081
66.64,96.225
66.66000000000001,95.373
66.67999999999999,94.505
66.7,93.639
66.72,92.799
66.74000000000001,91.995
66.76,91.222
66.78,90.472
66.8,89.737
66.82000000000001,89.017
66.84,88.312
66.86,87.623
66.88,86.951
66.9,86.294
66.92,85.652
66.94,85.023
66.96000000000001,84.407
66.98,83.803
67,83.211
67.02,82.631
67.04,82.062
67.06,81.503
67.08,80.955
67.1,80.416
67.12,85.375
67.14,96.61
67.16000000000001,106.459
67.17999999999999,113.979
67.2,118.579
67.22,119.823
67.24000000000001,117.571
67.26,111.966
67.28,105.255
67.3,103.686
67.32000000000001,102.141
67.34,100.543
67.36,99.128
67.38,97.985
67.4,97.046
67.42,96.191
67.44,95.339
67.46000000000001,94.47
67.48,93.605
67.5,92.766
67.52,91.963
67.54,91.191
67.56,90.441
67.58,89.708
67.6,88.988
67.62,88.283
67.64,87.595
67.66000000000001,86.923
67.67999999999999,86.267
67.7,85.625
67.72,84.997
67.74000000000001,84.381
67.76,83.777
67.78,83.186
67.8,82.606
67.82000000000001,82.037
67.84,81.479
67.86,80.931
67.88,80.393
67.9,85.796
67.92,97.029
67.94,106.799
67.96000000000001,114.216
67.98,118.693
68,119.801
68.02,117.415
68.04,111.684
68.06,105.161
68.08,103.627
68.1,102.075
68.12,100.481
68.14,99.076
68.16000000000001,97.943
68.17999999999999,97.01
68.2,96.156
68.22,95.302
68.24000000000001,94.433
68.26,93.569
68.28,92.731
68.3,91.93
68.32000000000001,91.159
68.34,90.41
68.36,89.676
68.38,88.957
68.4,88.253
68.42,87.565
68.44,86.894
68.46000000000001,86.239
68.48,85.597
68.5,84.969
68.52,84.354
68.54,83.751
68.56,83.16
68.58,82.58
68.6,82.012
68.62,81.454
68.64,80.907
68.66000000000001,80.369
68.67999999999999,86.232
68.7,97.447
68.72,107.137
68.74000000000001,114.45
68.76,118.801
68.78,119.773
68.8,117.252
68.82000000000001,111.397
68.84,105.082
68.86,103.57
68.88,102.013
68.9,100.422
68.92,99.027
68.94,97.904
68.96000000000001,96.976
68.98,96.123
69,95.268
69.02,94.399
69.04,93.535
69.06,92.699
69.08,91.899
69.1,91.129
69.12,90.38
69.14,89.647
69.16000000000001,88.929
69.17999999999999,88.225
69.2,87.538
69.22,86.867
69.24000000000001,86.212
69.26,85.571
69.28,84.944
69.3,84.329
69.32000000000001,83.726
69.34,83.136
69.36,82.557
69.38,81.989
69.4,81.431
69.42,80.884
69.44,80.347
69.46000000000001,86.665
69.48,97.861
69.5,107.47
69.52,114.678
69.54,118.904
69.56,119.74
69.58,117.085
69.6,111.105
69.62,105.005
69.64,103.512
69.66000000000001,101.949
69.67999999999999,100.362
69.7,98.977
69.72,97.864
69.74000000000001,96.941
69.76,96.089
69.78,95.234
69.8,94.364
69.82000000000001,93.501
69.84,92.666
69.86,91.867
69.88,91.098
69.9,90.35
69.92,89.618
69.94,88.9
69.96000000000001,88.197
69.98,87.51
70,86.84
70.02,86.186
70.04,85.545
70.06,84.918
70.08,84.304
70.1,83.702
70.12,83.111
70.14,82.533
70.16000000000001,81.965
70.17999999999999,81.408
70.2,80.861
70.22,80.324
70.24000000000001,87.103
70.26,98.273
70.28,107.8
70.3,114.902
70.32000000000001,119.002
70.34,119.701
70.36,116.912
70.38,110.809
70.4,104.93
70.42,103.453
70.44,101.884
70.46000000000001,100.302
70.48,98.927
70.5,97.823
70.52,96.905
70.54,96.054
70.56,95.198
70.58,94.329
70.6,93.466
70.62,92.633
70.64,91.835
70.66000000000001,91.067
70.67999999999999,90.32
70.7,89.588
70.72,88.87
70.74000000000001,88.168
70.76,87.482
70.78,86.813
70.8,86.159
70.82000000000001,85.519
70.84,84.892
70.86,84.278
70.88,83.676
70.9,83.087
70.92,82.509
70.94,81.941
70.96000000000001,81.385
70.98,80.838
71,80.302
71.02,87.545
71.04,98.683
71.06,108.126
71.08,115.122
71.1,119.094
71.12,119.657
71.14,116.735
71.16000000000001,110.508
71.17999999999999,104.864
71.2,103.396
71.22,101.822
71.24000000000001,100.244
71.26,98.88
71.28,97.786
71.3,96.872
71.32000000000001,96.021
71.34,95.165
71.36,94.295
71.38,93.433
71.4,92.601
71.42,91.804
71.44,91.037
71.46000000000001,90.291
71.48,89.559
71.5,88.842
71.52,88.141
71.54,87.455
71.56,86.787
71.58,86.133
71.6,85.494
71.62,84.868
71.64,84.254
71.66000000000001,83.653
71.67999999999999,83.064
71.7,82.486
71.72,81.919
71.74000000000001,81.363
71.76,80.817
71.78,80.28
71.8,87.985
71.82000000000001,99.088
71.84,108.448
71.86,115.336
71.88,119.182
71.9,119.609
71.92,116.553
71.94,110.202
71.96000000000001,104.796
71.98,103.336
72,101.757
72.02,100.184
72.04,98.831
72.06,97.746
72.08,96.837
72.1,95.987
72.12,95.13
72.14,94.259
72.16000000000001,93.398
72.17999999999999,92.568
72.2,91.772
72.22,91.006
72.24000000000001,90.26
72.26,89.529
72.28,88.813
72.3,88.112
72.32000000000001,87.427
72.34,86.759
72.36,86.106
72.38,85.467
72.4,84.842
72.42,84.228
72.44,83.628
72.46000000000001,83.039
72.48,82.462
72.5,81.895
72.52,81.339
72.54,80.794
72.56,80.258
72.58,88.432
72.6,99.493
72.62,108.767
72.64,115.547
72.66000000000001,119.264
72.67999999999999,119.554
72.7,116.365
72.72,109.892
72.74000000000001,104.734
72.76,103.278
72.78,101.695
72.8,100.127
72.82000000000001,98.784
72.84,97.708
72.86,96.803
72.88,95.954
72.9,95.096
72.92,94.225
72.94,93.365
72.96000000000001,92.536
72.98,91.742
73,90.976
73.02,90.231
73.04,89.501
73.06,88.785
73.08,88.084
73.1,87.401
73.12,86.733
73.14,86.08
73.16000000000001,85.442
73.17999999999999,84.817
73.2,84.204
73.22,83.604
73.24000000000001,83.016
73.26,82.439
73.28,81.873
73.3,81.317
73.32000000000001,80.772
73.34,80.236
73.36,88.877
73.38,99.893
73.4,109.081
73.42,115.752
73.44,119.341
73.46000000000001,119.494
73.48,116.172
73.5,109.578
73.52,104.673
73.54,103.219
73.56,101.632
73.58,100.069
73.6,98.738
73.62,97.67
73.64,96.769
73.66000000000001,95.92
73.67999999999999,95.062
73.7,94.191
73.72,93.332
73.74000000000001,92.504
73.76,91.711
73.78,90.947
73.8,90.202
73.82000000000001,89.472
73.84,88.757
73.86,88.057
73.88,87.374
73.9,86.707
73.92,86.055
73.94,85.417
73.96000000000001,84.792
73.98,84.18
74,83.58
74.02,82.992
74.04,82.416
74.06,81.85
74.08,81.295
74.1,80.75
74.12,80.275
74.14,89.322
74.16000000000001,100.291
74.17999999999999,109.392
74.2,115.953
74.22,119.412
74.24000000000001,119.429
74.26,115.975
74.28,109.259
74.3,104.611
74.32000000000001,103.158
74.34,101.567
74.36,100.01
74.38,98.69
74.4,97.631
74.42,96.734
74.44,95.886
74.46000000000001,95.026
74.48,94.156
74.5,93.297
74.52,92.471
74.54,91.679
74.56,90.916
74.58,90.172
74.6,89.443
74.62,88.728
74.64,88.028
74.66000000000001,87.346
74.67999999999999,86.679
74.7,86.028
74.72,85.391
74.74000000000001,84.767
74.76,84.155
74.78,83.556
74.8,82.968
74.82000000000001,82.392
74.84,81.827
74.86,81.272
74.88,80.727
74.9,80.386
74.92,89.77
74.94,100.686
74.96000000000001,109.7
74.98,116.149
75,119.479
75.02,119.359
75.04,115.772
75.06,108.935
75.08,104.555
75.1,103.1
75.12,101.505
75.14,99.955
75.16000000000001,98.645
75.17999999999999,97.595
75.2,96.702
75.22,95.853
75.24000000000001,94.993
75.26,94.123
75.28,93.265
75.3,92.44
75.32000000000001,91.65
75.34,90.887
75.36,90.144
75.38,89.415
75.4,88.701
75.42,88.002
75.44,87.32
75.46000000000001,86.654
75.48,86.003
75.5,85.366
75.52,84.743
75.54,84.131
75.56,83.533
75.58,82.945
75.6,82.37
75.62,81.805
75.64,81.251
75.66000000000001,80.706
75.67999999999999,80.497
75.7,90.214
75.72,101.077
75.74000000000001,110.003
75.76,116.34
75.78,119.54
75.8,119.284
75.82000000000001,115.565
75.84,108.608
75.86,104.496
75.88,103.039
75.9,101.441
75.92,99.897
75.94,98.599
75.96000000000001,97.557
75.98,96.667
76,95.819
76.02,94.958
76.04,94.087
76.06,93.231
76.08,92.407
76.1,91.618
76.12,90.856
76.14,90.114
76.16000000000001,89.385
76.17999999999999,88.672
76.2,87.974
76.22,87.292
76.24000000000001,86.627
76.26,85.977
76.28,85.341
76.3,84.717
76.32000000000001,84.107
76.34,83.508
76.36,82.921
76.38,82.346
76.4,81.782
76.42,81.228
76.44,80.684
76.46000000000001,80.697
76.48,90.661
76.5,101.467
76.52,110.302
76.54,116.527
76.56,119.595
76.58,119.202
76.6,115.353
76.62,108.275
76.64,104.439
76.66000000000001,102.979
76.67999999999999,101.378
76.7,99.842
76.72,98.553
76.74000000000001,97.52
76.76,96.634
76.78,95.785
76.8,94.924
76.82000000000001,94.053
76.84,93.198
76.86,92.376
76.88,91.588
76.9,90.827
76.92,90.085
76.94,89.357
76.96000000000001,88.644
76.98,87.946
77,87.266
77.02,86.601
77.04,85.951
77.06,85.316
77.08,84.693
77.1,84.083
77.12,83.484
77.14,82.898
77.16000000000001,82.323
77.17999999999999,81.759
77.2,81.206
77.22,80.662
77.24000000000001,80.908
77.26,91.106
77.28,101.852
77.3,110.598
77.32000000000001,116.708
77.34,119.646
77.36,119.116
77.38,115.136
77.4,107.939
77.42,104.384
77.44,102.919
77.46000000000001,101.316
77.48,99.787
77.5,98.509
77.52,97.484
77.54,96.601
77.56,95.753
77.58,94.89
77.6,94.02
77.62,93.166
77.64,92.344
77.66000000000001,91.558
77.67999999999999,90.798
77.7,90.056
77.72,89.329
77.74000000000001,88.616
77.76,87.92
77.78,87.239
77.8,86.575
77.82000000000001,85.926
77.84,85.291
77.86,84.669
77.88,84.059
77.9,83.461
77.92,82.876
77.94,82.301
77.96000000000001,81.738
77.98,81.184
78,80.641
78.02,81.142
78.04,91.55
78.06,102.235
78.08,110.889
78.1,116.885
78.12,119.691
78.14,119.025
78.16000000000001,114.913
78.17999999999999,107.597
78.2,104.326
78.22,102.857
78.24000000000001,101.251
78.26,99.73
78.28,98.463
78.3,97.446
78.32000000000001,96.566
78.34,95.718
78.36,94.855
78.38,93.985
78.4,93.131
78.42,92.312
78.44,91.526
78.46000000000001,90.767
78.48,90.026
78.5,89.299
78.52,88.587
78.54,87.891
78.56,87.212
78.58,86.548
78.6,85.9
78.62,85.265
78.64,84.643
78.66000000000001,84.034
78.67999999999999,83.437
78.7,82.851
78.72,82.277
78.74000000000001,81.714
78.76,81.162
78.78,80.619
78.8,81.426
78.82000000000001,91.994
78.84,102.615
78.86,111.176
78.88,117.057
78.9,119.731
78.92,118.928
78.94,114.686
78.96000000000001,107.252
78.98,104.272
79,102.797
79.02,101.19
79.04,99.676
79.06,98.421
79.08,97.411
79.1,96.534
79.12,95.685
79.14,94.822
79.16000000000001,93.952
79.17999999999999,93.099
79.2,92.281
79.22,91.497
79.24000000000001,90.738
79.26,89.998
79.28,89.272
79.3,88.561
79.32000000000001,87.865
79.34,87.186
79.36,86.523
79.38,85.875
79.4,85.241
79.42,84.62
79.44,84.011
79.46000000000001,83.414
79.48,82.829
79.5,82.256
79.52,81.693
79.54,81.14
79.56,80.598
79.58,81.709
79.6,92.434
79.62,102.991
79.64,111.459
79.66000000000001,117.224
79.67999999999999,119.766
79.7,118.826
79.72,114.455
79.74000000000001,106.902
79.76,104.216
79.78,102.735
79.8,101.127
79.82000000000001,99.621
79.84,98.377
79.86,97.374
79.88,96.5
79.9,95.651
79.92,94.787
79.94,93.917
79.96000000000001,93.066
79.98,92.249
80,91.466
80.02,90.709
80.04,89.969
80.06,89.243
80.08,88.532
80.1,87.837
80.12,87.159
80.14,86.497
80.16000000000001,85.849
80.17999999999999,85.216
80.2,84.595
80.22,83.986
80.24000000000001,83.39
80.26,82.806
80.28,82.233
80.3,81.67
80.32000000000001,81.118
80.34,80.576
80.36,82.034
80.38,92.876
80.4,103.364
80.42,111.739
80.44,117.386
80.46000000000001,119.795
80.48,118.719
80.5,114.218
80.52,106.599
80.54,104.161
80.56,102.673
80.58,101.064
80.6,99.567
80.62,98.333
80.64,97.338
80.66000000000001,96.466
80.67999999999999,95.617
80.7,94.753
80.72,93.883
80.74000000000001,93.033
80.76,92.217
80.78,91.436
80.8,90.679
80.82000000000001,89.94
80.84,89.215
80.86,88.504
80.88,87.81
80.9,87.132
80.92,86.471
80.94,85.824
80.96000000000001,85.191
80.98,84.57
81,83.962
81.02,83.367
81.04,82.783
81.06,82.21
81.08,81.648
81.1,81.096
81.12,80.555
81.14,82.371
81.16000000000001,93.314
81.17999999999999,103.734
81.2,112.014
81.22,117.543
81.24000000000001,119.818
81.26,118.606
81.28,113.976
81.3,106.367
81.32000000000001,104.107
81.34,102.612
81.36,101.003
81.38,99.515
81.4,98.291
81.42,97.304
81.44,96.434
81.46000000000001,95.585
81.48,94.719
81.5,93.85
81.52,93.001
81.54,92.187
81.56,91.406
81.58,90.65
81.6,89.911
81.62,89.187
81.64,88.477
81.66000000000001,87.784
81.67999999999999,87.107
81.7,86.446
81.72,85.799
81.74000000000001,85.166
81.76,84.547
81.78,83.939
81.8,83.344
81.82000000000001,82.76
81.84,82.188
81.86,81.626
81.88,81.075
81.9,80.534
81.92,82.715
81.94,93.75
81.96000000000001,104.101
81.98,112.284
82,117.696
82.02,119.837
82.04,118.489
82.06,113.73
82.08,106.136
82.1,104.05
82.12,102.549
82.14,100.94
82.16000000000001,99.46
82.17999999999999,98.247
82.2,97.267
82.22,96.4
82.24000000000001,95.55
82.26,94.684
82.28,93.815
82.3,92.967
82.32000000000001,92.154
82.34,91.375
82.36,90.62
82.38,89.882
82.4,89.158
82.42,88.449
82.44,87.756
82.46000000000001,87.079
82.48,86.419
82.5,85.773
82.52,85.141
82.54,84.521
82.56,83.914
82.58,83.32
82.6,82.736
82.62,82.164
82.64,81.603
82.66000000000001,81.053
82.67999999999999,80.512
82.7,83.092
82.72,94.186
82.74000000000001,104.465
82.76,112.551
82.78,117.843
82.8,119.85
82.82000000000001,118.366
82.84,113.479
82.86,105.96
82.88,103.996
82.9,102.488
82.92,100.879
82.94,99.409
82.96000000000001,98.207
82.98,97.232
83,96.367
83.02,95.517
83.04,94.651
83.06,93.782
83.08,92.936
83.1,92.124
83.12,91.346
83.14,90.591
83.16000000000001,89.854
83.17999999999999,89.13
83.2,88.422
83.22,87.729
83.24000000000001,87.054
83.26,86.394
83.28,85.748
83.3,85.117
83.32000000000001,84.498
83.34,83.891
83.36,83.297
83.38,82.714
83.4,82.143
83.42,81.582
83.44,81.032
83.46000000000001,80.491
83.48,83.466
83.5,94.619
83.52,104.824
83.54,112.813
83.56,117.985
83.58,119.858
83.6,118.238
83.62,113.223
83.64,105.798
83.66000000000001,103.94
83.67999999999999,102.425
83.7,100.818
83.72,99.356
83.74000000000001,98.165
83.76,97.197
83.78,96.334
83.8,95.483
83.82000000000001,94.616
83.84,93.748
83.86,92.903
83.88,92.093
83.9,91.316
83.92,90.562
83.94,89.825
83.96000000000001,89.102
83.98,88.394
84,87.702
84.02,87.027
84.04,86.368
84.06,85.723
84.08,85.092
84.1,84.474
84.12,83.868
84.14,83.274
84.16000000000001,82.691
84.17999999999999,82.12
84.2,81.56
84.22,81.01
84.24000000000001,80.47
84.26,83.86
84.28,95.05
84.3,105.181
84.32000000000001,113.071
84.34,118.122
84.36,119.86
84.38,118.105
84.4,112.962
84.42,105.648
84.44,103.883
84.46000000000001,102.362
84.48,100.756
84.5,99.303
84.52,98.122
84.54,97.161
84.56,96.3
84.58,95.449
84.6,94.581
84.62,93.714
84.64,92.87
84.66000000000001,92.061
84.67999999999999,91.285
84.7,90.532
84.72,89.796
84.74000000000001,89.073
84.76,88.366
84.78,87.675
84.8,87
84.82000000000001,86.342
84.84,85.698
84.86,85.067
84.88,84.449
84.9,83.843
84.92,83.25
84.94,82.668
84.96000000000001,82.097
84.98,81.537
85,80.988
85.02,80.448
85.04,84.263
85.06,95.478
85.08,105.535
85.1,113.325
85.12,118.254
85.14,119.857
85.16000000000001,117.966
85.17999999999999,112.697
85.2,105.53
85.22,103.829
85.24000000000001,102.301
85.26,100.696
85.28,99.254
85.3,98.083
85.32000000000001,97.128
85.34,96.268
85.36,95.416
85.38,94.548
85.4,93.681
85.42,92.839
85.44,92.031
85.46000000000001,91.256
85.48,90.504
85.5,89.768
85.52,89.046
85.54,88.339
85.56,87.649
85.58,86.975
85.6,86.317
85.62,85.673
85.64,85.043
85.66000000000001,84.426
85.67999999999999,83.82
85.7,83.227
85.72,82.646
85.74000000000001,82.076
85.76,81.516
85.78,80.967
85.8,80.428
85.82000000000001,84.666
85.84,95.904
85.86,105.884
85.88,113.574
85.9,118.381
85.92,119.85
85.94,117.823
85.96000000000001,112.427
85.98,105.41
86,103.772
86.02,102.237
86.04,100.634
86.06,99.201
86.08,98.041
86.1,97.092
86.12,96.234
86.14,95.382
86.16000000000001,94.513
86.17999999999999,93.646
86.2,92.805
86.22,91.999
86.24000000000001,91.225
86.26,90.474
86.28,89.738
86.3,89.017
86.32000000000001,88.311
86.34,87.621
86.36,86.948
86.38,86.29
86.4,85.647
86.42,85.018
86.44,84.401
86.46000000000001,83.796
86.48,83.203
86.5,82.622
86.52,82.053
86.54,81.494
86.56,80.945
86.58,80.406
86.6,85.09
86.62,96.329
86.64,106.231
86.66000000000001,113.819
86.67999999999999,118.503
86.7,119.836
86.72,117.674
86.74000000000001,112.152
86.76,105.31
86.78,103.716
86.8,102.175
86.82000000000001,100.574
86.84,99.152
86.86,98.001
86.88,97.058
86.9,96.201
86.92,95.349
86.94,94.48
86.96000000000001,93.614
86.98,92.773
87,91.969
87.02,91.196
87.04,90.445
87.06,89.71
87.08,88.99
87.1,88.284
87.12,87.595
87.14,86.922
87.16000000000001,86.265
87.17999999999999,85.623
87.2,84.994
87.22,84.377
87.24000000000001,83.773
87.26,83.181
87.28,82.6
87.3,82.031
87.32000000000001,81.472
87.34,80.924
87.36,80.385
87.38,85.511
87.4,96.75
87.42,106.574
87.44,114.06
87.46000000000001,118.619
87.48,119.817
87.5,117.52
87.52,111.873
87.54,105.219
87.56,103.66
87.58,102.112
87.6,100.515
87.62,99.102
87.64,97.962
87.66000000000001,97.024
87.67999999999999,96.169
87.7,95.315
87.72,94.446
87.74000000000001,93.58
87.76,92.742
87.78,91.938
87.8,91.166
87.82000000000001,90.416
87.84,89.682
87.86,88.962
87.88,88.257
87.9,87.569
87.92,86.897
87.94,86.24
87.96000000000001,85.598
87.98,84.969
88,84.353
88.02000000000001,83.75
88.04,83.158
88.06,82.578
88.08000000000001,82.009
88.1,81.451
88.12000000000002,80.902
88.14,80.364
88.16,85.939
88.18,97.169
88.2,106.913
88.22000000000001,114.296
88.24000000000001,118.731
88.25999999999999,119.793
88.28,117.361
88.3,111.589
88.32000000000001,105.128
88.34,103.602
88.36,102.048
88.38000000000001,100.453
88.4,99.051
88.42000000000002,97.921
88.44,96.989
88.46,96.134
88.48,95.28
88.5,94.411
88.52000000000001,93.546
88.54,92.708
88.56,91.907
88.58000000000001,91.136
88.6,90.386
88.62000000000002,89.653
88.64,88.933
88.66,88.229
88.68,87.541
88.7,86.87
88.72000000000001,86.214
88.74000000000001,85.572
88.75999999999999,84.944
88.78,84.329
88.8,83.725
88.82000000000001,83.134
88.84,82.555
88.86,81.986
88.88000000000001,81.428
88.9,80.88
88.92000000000002,80.342
88.94,86.374
88.96,97.585
88.98,107.249
89,114.527
89.02000000000001,118.837
89.04,119.763
89.06,117.197
89.08000000000001,111.3
89.1,105.052
89.12000000000002,103.546
89.14,101.986
89.16,100.396
89.18,99.003
89.2,97.883
89.22000000000001,96.956
89.24000000000001,96.103
89.25999999999999,95.248
89.28,94.378
89.3,93.514
89.32000000000001,92.678
89.34,91.877
89.36,91.107
89.38000000000001,90.358
89.4,89.625
89.42000000000002,88.906
89.44,88.203
89.46,87.515
89.48,86.845
89.5,86.189
89.52000000000001,85.548
89.54,84.921
89.56,84.305
89.58000000000001,83.703
89.6,83.112
89.62000000000002,82.533
89.64,81.965
89.66,81.407
89.68,80.86
89.7,80.322
89.72000000000001,86.806
89.74000000000001,97.998
89.75999999999999,107.581
89.78,114.754
89.8,118.938
89.82000000000001,119.728
89.84,117.028
89.86,111.007
89.88000000000001,104.975
89.9,103.487
89.92000000000002,101.922
89.94,100.335
89.96,98.954
89.98,97.843
90,96.921
90.02000000000001,96.068
90.04,95.213
90.06,94.343
90.08000000000001,93.479
90.1,92.645
90.12000000000002,91.846
90.14,91.076
90.16,90.328
90.18,89.596
90.2,88.878
90.22000000000001,88.175
90.24000000000001,87.488
90.25999999999999,86.818
90.28,86.163
90.3,85.523
90.32000000000001,84.895
90.34,84.281
90.36,83.679
90.38000000000001,83.088
90.4,82.51
90.42000000000002,81.942
90.44,81.385
90.46,80.838
90.48,80.301
90.5,87.249
90.52000000000001,98.41
90.54,107.91
90.56,114.977
90.58000000000001,119.034
90.6,119.688
90.62000000000002,116.854
90.64,110.709
90.66,104.904
90.68,103.43
90.7,101.859
90.72000000000001,100.277
90.74000000000001,98.906
90.75999999999999,97.804
90.78,96.887
90.8,96.036
90.82000000000001,95.179
90.84,94.309
90.86,93.446
90.88000000000001,92.613
90.9,91.815
90.92000000000002,91.047
90.94,90.3
90.96,89.568
90.98,88.85
91,88.148
91.02000000000001,87.462
91.04,86.792
91.06,86.138
91.08000000000001,85.498
91.1,84.871
91.12000000000002,84.257
91.14,83.655
91.16,83.066
91.18,82.487
91.2,81.92
91.22000000000001,81.363
91.24000000000001,80.817
91.25999999999999,80.28
91.28,87.691
91.3,98.818
91.32000000000001,108.234
91.34,115.195
91.36,119.125
91.38000000000001,119.642
91.4,116.675
91.42000000000002,110.407
91.44,104.839
91.46,103.372
91.48,101.796
91.5,100.219
91.52000000000001,98.859
91.54,97.766
91.56,96.854
91.58000000000001,96.003
91.6,95.146
91.62000000000002,94.276
91.64,93.414
91.66,92.582
91.68,91.785
91.7,91.018
91.72000000000001,90.271
91.74000000000001,89.54
91.75999999999999,88.823
91.78,88.121
91.8,87.436
91.82000000000001,86.767
91.84,86.113
91.86,85.474
91.88000000000001,84.847
91.9,84.234
91.92000000000002,83.633
91.94,83.043
91.96,82.465
91.98,81.898
92,81.342
92.02000000000001,80.796
92.04,80.259
92.06,88.133
92.08000000000001,99.224
92.1,108.555
92.12000000000002,115.408
92.14,119.211
92.16,119.591
92.18,116.491
92.2,110.1
92.22000000000001,104.771
92.24000000000001,103.312
92.25999999999999,101.732
92.28,100.16
92.3,98.81
92.32000000000001,97.727
92.34,96.819
92.36,95.969
92.38000000000001,95.111
92.4,94.24
92.42000000000002,93.379
92.44,92.549
92.46,91.754
92.48,90.987
92.5,90.241
92.52000000000001,89.511
92.54,88.794
92.56,88.093
92.58000000000001,87.408
92.6,86.74
92.62000000000002,86.087
92.64,85.448
92.66,84.822
92.68,84.209
92.7,83.608
92.72000000000001,83.019
92.74000000000001,82.442
92.75999999999999,81.875
92.78,81.32
92.8,80.774
92.82000000000001,80.238
92.84,88.58
92.86,99.627
92.88000000000001,108.873
92.9,115.617
92.92000000000002,119.291
92.94,119.535
92.96,116.302
92.98,109.788
93,104.711
93.02000000000001,103.255
93.04,101.67
93.06,100.103
93.08000000000001,98.764
93.1,97.69
93.12000000000002,96.786
93.14,95.937
93.16,95.078
93.18,94.207
93.2,93.347
93.22000000000001,92.518
93.24000000000001,91.724
93.25999999999999,90.959
93.28,90.214
93.3,89.483
93.32000000000001,88.767
93.34,88.067
93.36,87.383
93.38000000000001,86.715
93.4,86.062
93.42000000000002,85.424
93.44,84.799
93.46,84.186
93.48,83.586
93.5,82.997
93.52000000000001,82.42
93.54,81.854
93.56,81.299
93.58000000000001,80.753
93.6,80.218
93.62000000000002,89.023
93.64,100.026
93.66,109.186
93.68,115.82
93.7,119.366
93.72000000000001,119.474
93.74000000000001,116.108
93.75999999999999,109.472
93.78,104.649
93.8,103.195
93.82000000000001,101.606
93.84,100.045
93.86,98.717
93.88000000000001,97.652
93.9,96.752
93.92000000000002,95.903
93.94,95.044
93.96,94.173
93.98,93.314
94,92.486
94.02000000000001,91.693
94.04,90.929
94.06,90.184
94.08000000000001,89.454
94.1,88.739
94.12000000000002,88.039
94.14,87.356
94.16,86.689
94.18,86.037
94.2,85.399
94.22000000000001,84.774
94.24000000000001,84.162
94.25999999999999,83.562
94.28,82.974
94.3,82.398
94.32000000000001,81.832
94.34,81.277
94.36,80.732
94.38000000000001,80.304
94.4,89.471
94.42000000000002,100.423
94.44,109.496
94.46,116.02
94.48,119.436
94.5,119.407
94.52000000000001,115.908
94.54,109.152
94.56,104.589
94.58000000000001,103.136
94.6,101.543
94.62000000000002,99.988
94.64,98.671
94.66,97.614
94.68,96.719
94.7,95.87
94.72000000000001,95.01
94.74000000000001,94.139
94.75999999999999,93.281
94.78,92.454
94.8,91.663
94.82000000000001,90.899
94.84,90.155
94.86,89.426
94.88000000000001,88.711
94.9,88.012
94.92000000000002,87.329
94.94,86.663
94.96,86.011
94.98,85.374
95,84.75
95.02000000000001,84.138
95.04,83.539
95.06,82.951
95.08000000000001,82.375
95.1,81.81
95.12000000000002,81.255
95.14,80.71
95.16,80.416
95.18,89.918
95.2,100.817
95.22000000000001,109.802
95.24000000000001,116.214
95.25999999999999,119.5
95.28,119.335
95.3,115.704
95.32000000000001,108.827
95.34,104.533
95.36,103.077
95.38000000000001,101.481
95.4,99.933
95.42000000000002,98.626
95.44,97.578
95.46,96.686
95.48,95.837
95.5,94.977
95.52000000000001,94.106
95.54,93.249
95.56,92.423
95.58000000000001,91.633
95.6,90.871
95.62000000000002,90.127
95.64,89.399
95.66,88.684
95.68,87.986
95.7,87.304
95.72000000000001,86.638
95.74000000000001,85.987
95.75999999999999,85.35
95.78,84.726
95.8,84.115
95.82000000000001,83.516
95.84,82.929
95.86,82.353
95.88000000000001,81.788
95.9,81.234
95.92000000000002,80.69
95.94,80.551
95.96,90.362
95.98,101.207
96,110.103
96.02000000000001,116.404
96.04,119.56
96.06,119.257
96.08000000000001,115.495
96.1,108.497
96.12000000000002,104.474
96.14,103.016
96.16,101.416
96.18,99.875
96.2,98.579
96.22000000000001,97.54
96.24000000000001,96.651
96.25999999999999,95.803
96.28,94.942
96.3,94.071
96.32000000000001,93.214
96.34,92.391
96.36,91.602
96.38000000000001,90.84
96.4,90.097
96.42000000000002,89.369
96.44,88.655
96.46,87.958
96.48,87.276
96.5,86.611
96.52000000000001,85.961
96.54,85.324
96.56,84.701
96.58000000000001,84.09
96.6,83.492
96.62000000000002,82.905
96.64,82.33
96.66,81.766
96.68,81.212
96.7,80.668
96.72000000000001,80.762
96.74000000000001,90.81
96.75999999999999,101.596
96.78,110.402
96.8,116.588
96.82000000000001,119.613
96.84,119.174
96.86,115.281
96.88000000000001,108.164
96.9,104.419
96.92000000000002,102.957
96.94,101.355
96.96,99.82
96.98,98.536
97,97.504
97.02000000000001,96.619
97.04,95.771
97.06,94.909
97.08000000000001,94.038
97.1,93.183
97.12000000000002,92.36
97.14,91.573
97.16,90.812
97.18,90.07
97.2,89.342
97.22000000000001,88.629
97.24000000000001,87.931
97.25999999999999,87.251
97.28,86.586
97.3,85.936
97.32000000000001,85.301
97.34,84.678
97.36,84.068
97.38000000000001,83.47
97.4,82.883
97.42000000000002,82.308
97.44,81.744
97.46,81.191
97.48,80.647
97.5,80.973
97.52000000000001,91.253
97.54,101.98
97.56,110.695
97.58000000000001,116.768
97.6,119.662
97.62000000000002,119.087
97.64,115.062
97.66,107.825
97.68,104.363
97.7,102.896
97.72000000000001,101.292
97.74000000000001,99.765
97.75999999999999,98.491
97.78,97.468
97.8,96.586
97.82000000000001,95.737
97.84,94.874
97.86,94.004
97.88000000000001,93.15
97.9,92.329
97.92000000000002,91.542
97.94,90.782
97.96,90.041
97.98,89.314
98,88.601
98.02000000000001,87.904
98.04,87.224
98.06,86.56
98.08000000000001,85.911
98.1,85.276
98.12000000000002,84.654
98.14,84.044
98.16,83.446
98.18,82.861
98.2,82.286
98.22000000000001,81.723
98.24000000000001,81.169
98.25999999999999,80.626
98.28,81.233
98.3,91.698
98.32000000000001,102.362
98.34,110.985
98.36,116.944
98.38000000000001,119.705
98.4,118.993
98.42000000000002,114.838
98.44,107.483
98.46,104.306
98.48,102.834
98.5,101.228
98.52000000000001,99.709
98.54,98.446
98.56,97.431
98.58000000000001,96.552
98.6,95.703
98.62000000000002,94.84
98.64,93.969
98.66,93.116
98.68,92.297
98.7,91.512
98.72000000000001,90.753
98.74000000000001,90.012
98.75999999999999,89.285
98.78,88.573
98.8,87.877
98.82000000000001,87.197
98.84,86.534
98.86,85.886
98.88000000000001,85.251
98.9,84.629
98.92000000000002,84.02
98.94,83.423
98.96,82.837
98.98,82.263
99,81.7
99.02000000000001,81.147
99.04,80.605
99.06,81.517
99.08000000000001,92.141
99.1,102.741
99.12000000000002,111.272
99.14,117.114
99.16,119.743
99.18,118.895
99.2,114.61
99.22000000000001,107.136
99.24000000000001,104.252
99.25999999999999,102.775
99.28,101.167
99.3,99.656
99.32000000000001,98.404
99.34,97.396
99.36,96.52
99.38000000000001,95.671
99.4,94.807
99.42000000000002,93.937
99.44,93.085
99.46,92.267
99.48,91.483
99.5,90.724
99.52000000000001,89.984
99.54,89.258
99.56,88.546
99.58000000000001,87.851
99.6,87.172
99.62000000000002,86.509
99.64,85.861
99.66,85.227
99.68,84.606
99.7,83.997
99.72000000000001,83.4
99.74000000000001,82.815
99.75999999999999,82.242
99.78,81.679
99.8,81.127
99.82000000000001,80.584
99.84,81.806
99.86,92.581
99.88000000000001,103.116
99.9,111.553
99.92000000000002,117.279
99.94,119.776
99.96,118.791
99.98,114.376
100,106.787
100.02000000000001,104.195
100.04,102.712
100.06,101.103
100.08000000000001,99.6
100.1,98.359
100.12000000000002,97.359
100.14,96.485
100.16,95.636
100.18,94.772
100.2,93.902
100.22000000000001,93.051
100.24000000000001,92.234
100.25999999999999,91.451
100.28,90.694
100.3,89.954
100.32000000000001,89.229
100.34,88.518
100.36,87.823
100.38000000000001,87.145
100.4,86.483
100.42000000000002,85.835
100.44,85.202
100.46,84.581
100.48,83.973
100.5,83.376
100.52000000000001,82.792
100.54,82.219
100.56,81.657
100.58000000000001,81.105
100.6,80.563
100.62000000000002,82.144
100.64,93.022
100.66,103.488
100.68,111.831
100.7,117.44
100.72000000000001,119.803
100.74000000000001,118.682
100.75999999999999,114.138
100.78,106.521
100.8,104.141
100.82000000000001,102.651
100.84,101.042
100.86,99.547
100.88000000000001,98.317
100.9,97.324
100.92000000000002,96.453
100.94,95.604
100.96,94.739
100.98,93.869
101,93.019
101.02000000000001,92.204
101.04,91.422
101.06,90.665
101.08000000000001,89.926
101.1,89.201
101.12000000000002,88.491
101.14,87.797
101.16,87.119
101.18,86.458
101.2,85.811
101.22000000000001,85.178
101.24000000000001,84.557
101.25999999999999,83.95
101.28,83.354
101.3,82.77
101.32000000000001,82.197
101.34,81.635
101.36,81.084
101.38000000000001,80.542
101.4,82.481
101.42000000000002,93.459
101.44,103.857
101.46,112.104
101.48,117.595
101.5,119.825
101.52000000000001,118.568
101.54,113.895
101.56,106.289
101.58000000000001,104.086
101.6,102.59
101.62000000000002,100.98
101.64,99.494
101.66,98.275
101.68,97.289
101.7,96.42
101.72000000000001,95.57
101.74000000000001,94.705
101.75999999999999,93.835
101.78,92.987
101.8,92.173
101.82000000000001,91.392
101.84,90.637
101.86,89.898
101.88000000000001,89.174
101.9,88.464
101.92000000000002,87.77
101.94,87.093
101.96,86.432
101.98,85.786
102,85.153
102.02000000000001,84.534
102.04,83.926
102.06,83.331
102.08000000000001,82.747
102.1,82.175
102.12000000000002,81.614
102.14,81.062
102.16,80.521
102.18,82.839
102.2,93.896
102.22000000000001,104.223
102.24000000000001,112.374
102.25999999999999,117.745
102.28,119.842
102.3,118.449
102.32000000000001,113.647
102.34,106.07
102.36,104.03
102.38000000000001,102.527
102.4,100.917
102.42000000000002,99.44
102.44,98.231
102.46,97.253
102.48,96.386
102.5,95.536
102.52000000000001,94.67
102.54,93.801
102.56,92.953
102.58000000000001,92.141
102.6,91.362
102.62000000000002,90.607
102.64,89.869
102.66,89.145
102.68,88.436
102.7,87.743
102.72000000000001,87.067
102.74000000000001,86.406
102.75999999999999,85.76
102.78,85.128
102.8,84.509
102.82000000000001,83.902
102.84,83.307
102.86,82.724
102.88000000000001,82.152
102.9,81.591
102.92000000000002,81.04
102.94,80.5
102.96,83.215
102.98,94.331
103,104.585
103.02000000000001,112.639
103.04,117.891
103.06,119.853
103.08000000000001,118.324
103.1,113.394
103.12000000000002,105.906
103.14,103.976
103.16,102.466
103.18,100.857
103.2,99.39
103.22000000000001,98.191
103.24000000000001,97.219
103.25999999999999,96.354
103.28,95.504
103.3,94.637
103.32000000000001,93.768
103.34,92.922
103.36,92.111
103.38000000000001,91.333
103.4,90.579
103.42000000000002,89.841
103.44,89.118
103.46,88.409
103.48,87.717
103.5,87.041
103.52000000000001,86.382
103.54,85.736
103.56,85.105
103.58000000000001,84.486
103.6,83.879
103.62000000000002,83.285
103.64,82.702
103.66,82.131
103.68,81.57
103.7,81.02
103.72000000000001,80.479
103.74000000000001,83.59
103.75999999999999,94.762
103.78,104.943
103.8,112.9
103.82000000000001,118.031
103.84,119.86
103.86,118.194
103.88000000000001,113.137
103.9,105.743
103.92000000000002,103.92
103.94,102.402
103.96,100.795
103.98,99.336
104,98.148
104.02000000000001,97.183
104.04,96.32
104.06,95.469
104.08000000000001,94.602
104.1,93.734
104.12000000000002,92.889
104.14,92.079
104.16,91.302
104.18,90.549
104.2,89.812
104.22000000000001,89.089
104.24000000000001,88.381
104.25999999999999,87.69
104.28,87.015
104.3,86.355
104.32000000000001,85.711
104.34,85.08
104.36,84.461
104.38000000000001,83.855
104.4,83.261
104.42000000000002,82.679
104.44,82.108
104.46,81.548
104.48,80.998
104.5,80.458
104.52000000000001,83.994
104.54,95.193
104.56,105.3
104.58000000000001,113.157
104.6,118.167
104.62000000000002,119.86
104.64,118.059
104.66,112.874
104.68,105.607
104.7,103.864
104.72000000000001,102.34
104.74000000000001,100.734
104.75999999999999,99.285
104.78,98.108
104.8,97.148
104.82000000000001,96.288
104.84,95.436
104.86,94.568
104.88000000000001,93.701
104.9,92.857
104.92000000000002,92.049
104.94,91.273
104.96,90.52
104.98,89.784
105,89.061
105.02000000000001,88.354
105.04,87.663
105.06,86.989
105.08000000000001,86.33
105.1,85.686
105.12000000000002,85.055
105.14,84.438
105.16,83.832
105.18,83.239
105.2,82.657
105.22000000000001,82.086
105.24000000000001,81.527
105.25999999999999,80.977
105.28,80.437
105.3,84.396
105.32000000000001,95.621
105.34,105.652
105.36,113.409
105.38000000000001,118.297
105.4,119.856
105.42000000000002,117.919
105.44,112.608
105.46,105.49
105.48,103.809
105.5,102.278
105.52000000000001,100.674
105.54,99.235
105.56,98.067
105.58000000000001,97.114
105.6,96.255
105.62000000000002,95.403
105.64,94.535
105.66,93.668
105.68,92.825
105.7,92.018
105.72000000000001,91.243
105.74000000000001,90.491
105.75999999999999,89.756
105.78,89.034
105.8,88.327
105.82000000000001,87.637
105.84,86.963
105.86,86.305
105.88000000000001,85.662
105.9,85.032
105.92000000000002,84.414
105.94,83.809
105.96,83.216
105.98,82.635
106,82.065
106.02000000000001,81.505
106.04,80.956
106.06,80.417
106.08000000000001,84.807
106.1,96.046
106.12000000000002,106
106.14,113.657
106.16,118.422
106.18,119.846
106.2,117.774
106.22000000000001,112.336
106.24000000000001,105.373
106.25999999999999,103.752
106.28,102.214
106.3,100.612
106.32000000000001,99.183
106.34,98.026
106.36,97.078
106.38000000000001,96.221
106.4,95.368
106.42000000000002,94.5
106.44,93.633
106.46,92.792
106.48,91.987
106.5,91.213
106.52000000000001,90.461
106.54,89.726
106.56,89.005
106.58000000000001,88.299
106.6,87.61
106.62000000000002,86.936
106.64,86.279
106.66,85.636
106.68,85.006
106.7,84.389
106.72000000000001,83.785
106.74000000000001,83.192
106.75999999999999,82.612
106.78,82.042
106.8,81.483
106.82000000000001,80.934
106.84,80.395
106.86,85.23
106.88000000000001,96.469
106.9,106.346
106.92000000000002,113.9
106.94,118.542
106.96,119.83
106.98,117.623
107,112.06
107.02000000000001,105.28
107.04,103.697
107.06,102.153
107.08000000000001,100.554
107.1,99.134
107.12000000000002,97.987
107.14,97.045
107.16,96.189
107.18,95.336
107.2,94.467
107.22000000000001,93.601
107.24000000000001,92.761
107.25999999999999,91.957
107.28,91.184
107.3,90.433
107.32000000000001,89.699
107.34,88.978
107.36,88.273
107.38000000000001,87.584
107.4,86.911
107.42000000000002,86.255
107.44,85.612
107.46,84.983
107.48,84.366
107.5,83.762
107.52000000000001,83.17
107.54,82.59
107.56,82.021
107.58000000000001,81.462
107.6,80.914
107.62000000000002,80.375
107.64,85.65
107.66,96.889
107.68,106.687
107.7,114.139
107.72000000000001,118.657
107.74000000000001,119.81
107.75999999999999,117.468
107.78,111.779
107.8,105.187
107.82000000000001,103.639
107.84,102.089
107.86,100.493
107.88000000000001,99.083
107.9,97.946
107.92000000000002,97.01
107.94,96.155
107.96,95.302
107.98,94.432
108,93.567
108.02000000000001,92.728
108.04,91.926
108.06,91.154
108.08000000000001,90.404
108.1,89.67
108.12000000000002,88.95
108.14,88.245
108.16,87.557
108.18,86.885
108.2,86.229
108.22000000000001,85.587
108.24000000000001,84.958
108.25999999999999,84.342
108.28,83.739
108.3,83.147
108.32000000000001,82.567
108.34,81.998
108.36,81.44
108.38000000000001,80.892
108.4,80.354
108.42000000000002,86.084
108.44,97.308
108.46,107.026
108.48,114.374
108.5,118.767
108.52000000000001,119.783
108.54,117.307
108.56,111.493
108.58000000000001,105.102
108.6,103.582
108.62000000000002,102.026
108.64,100.433
108.66,99.034
108.68,97.907
108.7,96.976
108.72000000000001,96.122
108.74000000000001,95.268
108.75999999999999,94.398
108.78,93.533
108.8,92.696
108.82000000000001,91.895
108.84,91.124
108.86,90.375
108.88000000000001,89.641
108.9,88.922
108.92000000000002,88.218
108.94,87.53
108.96,86.859
108.98,86.203
109,85.562
109.02000000000001,84.934
109.04,84.318
109.06,83.715
109.08000000000001,83.124
109.1,82.545
109.12000000000002,81.976
109.14,81.418
109.16,80.871
109.18,80.333
109.2,86.518
109.22000000000001,97.723
109.24000000000001,107.36
109.25999999999999,114.604
109.28,118.872
109.3,119.752
109.32000000000001,117.142
109.34,111.203
109.36,105.026
109.38000000000001,103.526
109.4,101.964
109.42000000000002,100.375
109.44,98.986
109.46,97.869
109.48,96.943
109.5,96.09
109.52000000000001,95.235
109.54,94.365
109.56,93.501
109.58000000000001,92.665
109.6,91.865
109.62000000000002,91.095
109.64,90.347
109.66,89.614
109.68,88.895
109.7,88.191
109.72000000000001,87.504
109.74000000000001,86.834
109.75999999999999,86.179
109.78,85.538
109.8,84.91
109.82000000000001,84.295
109.84,83.693
109.86,83.102
109.88000000000001,82.523
109.9,81.955
109.92000000000002,81.397
109.94,80.85
109.96,80.313
109.98,86.953
110,98.136
110.02000000000001,107.691
110.04,114.829
110.06,118.971
110.08000000000001,119.716
110.1,116.971
110.12000000000002,110.908
110.14,104.949
110.16,103.467
110.18,101.899
110.2,100.314
110.22000000000001,98.936
110.24000000000001,97.828
110.25999999999999,96.908
110.28,96.056
110.3,95.2
110.32000000000001,94.33
110.34,93.466
110.36,92.632
110.38000000000001,91.833
110.4,91.065
110.42000000000002,90.317
110.44,89.584
110.46,88.866
110.48,88.163
110.5,87.477
110.52000000000001,86.807
110.54,86.152
110.56,85.512
110.58000000000001,84.885
110.6,84.271
110.62000000000002,83.668
110.64,83.078
110.66,82.5
110.68,81.932
110.7,81.375
110.72000000000001,80.828
110.74000000000001,80.291
110.75999999999999,87.396
110.78,98.547
110.8,108.018
110.82000000000001,115.05
110.84,119.065
110.86,119.673
110.88000000000001,116.795
110.9,110.609
110.92000000000002,104.882
110.94,103.41
110.96,101.837
110.98,100.257
111,98.889
111.02000000000001,97.791
111.04,96.875
111.06,96.024
111.08000000000001,95.167
111.1,94.297
111.12000000000002,93.434
111.14,92.601
111.16,91.804
111.18,91.036
111.2,90.289
111.22000000000001,89.557
111.24000000000001,88.839
111.25999999999999,88.137
111.28,87.451
111.3,86.782
111.32000000000001,86.128
111.34,85.488
111.36,84.862
111.38000000000001,84.248
111.4,83.646
111.42000000000002,83.056
111.44,82.478
111.46,81.911
111.48,81.354
111.5,80.808
111.52000000000001,80.271
111.54,87.837
111.56,98.953
111.58000000000001,108.342
111.6,115.266
111.62000000000002,119.154
111.64,119.626
111.66,116.614
111.68,110.305
111.7,104.815
111.72000000000001,103.352
111.74000000000001,101.774
111.75999999999999,100.198
111.78,98.841
111.8,97.752
111.82000000000001,96.841
111.84,95.99
111.86,95.133
111.88000000000001,94.263
111.9,93.401
111.92000000000002,92.569
111.94,91.773
111.96,91.006
111.98,90.26
112,89.529
112.02000000000001,88.811
112.04,88.11
112.06,87.425
112.08000000000001,86.756
112.1,86.103
112.12000000000002,85.463
112.14,84.837
112.16,84.224
112.18,83.623
112.2,83.033
112.22000000000001,82.455
112.24000000000001,81.889
112.25999999999999,81.332
112.28,80.786
112.3,80.25
112.32000000000001,88.282
112.34,99.358
112.36,108.662
112.38000000000001,115.478
112.4,119.238
112.42000000000002,119.573
112.44,116.428
112.46,109.996
112.48,104.75
112.5,103.292
112.52000000000001,101.71
112.54,100.14
112.56,98.793
112.58000000000001,97.714
112.6,96.807
112.62000000000002,95.957
112.64,95.099
112.66,94.228
112.68,93.367
112.7,92.537
112.72000000000001,91.742
112.74000000000001,90.976
112.75999999999999,90.231
112.78,89.5
112.8,88.783
112.82000000000001,88.082
112.84,87.398
112.86,86.73
112.88000000000001,86.077
112.9,85.438
112.92000000000002,84.813
112.94,84.2
112.96,83.599
112.98,83.01
113,82.433
113.02000000000001,81.866
113.04,81.311
113.06,80.765
113.08000000000001,80.229
113.1,88.728
113.12000000000002,99.76
113.14,108.978
113.16,115.685
113.18,119.316
113.2,119.515
113.22000000000001,116.237
113.24000000000001,109.683
113.25999999999999,104.69
113.28,103.235
113.3,101.648
113.32000000000001,100.084
113.34,98.748
113.36,97.677
113.38000000000001,96.774
113.4,95.925
113.42000000000002,95.066
113.44,94.195
113.46,93.335
113.48,92.507
113.5,91.713
113.52000000000001,90.948
113.54,90.203
113.56,89.473
113.58000000000001,88.757
113.6,88.056
113.62000000000002,87.372
113.64,86.705
113.66,86.053
113.68,85.414
113.7,84.789
113.72000000000001,84.177
113.74000000000001,83.576
113.75999999999999,82.988
113.78,82.411
113.8,81.845
113.82000000000001,81.29
113.84,80.744
113.86,80.228
113.88000000000001,89.172
113.9,100.158
113.92000000000002,109.29
113.94,115.887
113.96,119.39
113.98,119.452
114,116.042
114.02000000000001,109.366
114.04,104.628
114.06,103.174
114.08000000000001,101.584
114.1,100.025
114.12000000000002,98.7
114.14,97.638
114.16,96.74
114.18,95.89
114.2,95.031
114.22000000000001,94.16
114.24000000000001,93.301
114.25999999999999,92.474
114.28,91.682
114.3,90.917
114.32000000000001,90.173
114.34,89.443
114.36,88.728
114.38000000000001,88.028
114.4,87.345
114.42000000000002,86.678
114.44,86.027
114.46,85.389
114.48,84.764
114.5,84.152
114.52000000000001,83.552
114.54,82.964
114.56,82.388
114.58000000000001,81.823
114.6,81.267
114.62000000000002,80.723
114.64,80.339
114.66,89.62
114.68,100.555
114.7,109.598
114.72000000000001,116.085
114.74000000000001,119.458
114.75999999999999,119.383
114.78,115.841
114.8,109.044
114.82000000000001,104.57
114.84,103.116
114.86,101.522
114.88000000000001,99.969
114.9,98.655
114.92000000000002,97.602
114.94,96.707
114.96,95.858
114.98,94.998
115,94.127
115.02000000000001,93.269
115.04,92.443
115.06,91.652
115.08000000000001,90.889
115.1,90.145
115.12000000000002,89.416
115.14,88.701
115.16,88.002
115.18,87.319
115.2,86.653
115.22000000000001,86.002
115.24000000000001,85.365
115.25999999999999,84.741
115.28,84.129
115.3,83.53
115.32000000000001,82.942
115.34,82.366
115.36,81.801
115.38000000000001,81.247
115.4,80.702
115.42000000000002,80.452
115.44,90.065
115.46,100.947
115.48,109.903
115.5,116.278
115.52000000000001,119.521
115.54,119.31
115.56,115.635
115.58000000000001,108.718
115.6,104.513
115.62000000000002,103.056
115.64,101.459
115.66,99.913
115.68,98.61
115.7,97.565
115.72000000000001,96.674
115.74000000000001,95.825
115.75999999999999,94.964
115.78,94.093
115.8,93.236
115.82000000000001,92.412
115.84,91.622
115.86,90.86
115.88000000000001,90.116
115.9,89.388
115.92000000000002,88.674
115.94,87.975
115.96,87.293
115.98,86.628
116,85.977
116.02000000000001,85.34
116.04,84.717
116.06,84.106
116.08000000000001,83.507
116.1,82.92
116.12000000000002,82.344
116.14,81.78
116.16,81.225
116.18,80.681
116.2,80.621
116.22000000000001,90.512
116.24000000000001,101.337
116.25999999999999,110.203
116.28,116.466
116.3,119.578
116.32000000000001,119.23
116.34,115.424
116.36,108.387
116.38000000000001,104.454
116.4,102.995
116.42000000000002,101.395
116.44,99.856
116.46,98.564
116.48,97.527
116.5,96.64
116.52000000000001,95.791
116.54,94.93
116.56,94.059
116.58000000000001,93.203
116.6,92.379
116.62000000000002,91.591
116.64,90.83
116.66,90.087
116.68,89.359
116.7,88.645
116.72000000000001,87.948
116.74000000000001,87.266
116.75999999999999,86.601
116.78,85.951
116.8,85.315
116.82000000000001,84.692
116.84,84.081
116.86,83.483
116.88000000000001,82.897
116.9,82.321
116.92000000000002,81.757
116.94,81.203
116.96,80.659
116.98,80.832
117,90.958
117.02000000000001,101.724
117.04,110.5
117.06,116.649
117.08000000000001,119.63
117.1,119.146
117.12000000000002,115.209
117.14,108.051
117.16,104.4
117.18,102.936
117.2,101.333
117.22000000000001,99.802
117.24000000000001,98.52
117.25999999999999,97.492
117.28,96.608
117.3,95.759
117.32000000000001,94.897
117.34,94.026
117.36,93.171
117.38000000000001,92.349
117.4,91.562
117.42000000000002,90.801
117.44,90.059
117.46,89.332
117.48,88.619
117.5,87.922
117.52000000000001,87.241
117.54,86.577
117.56,85.927
117.58000000000001,85.291
117.6,84.669
117.62000000000002,84.059
117.64,83.461
117.66,82.875
117.68,82.3
117.7,81.736
117.72000000000001,81.183
117.74000000000001,80.639
117.75999999999999,81.043
117.78,91.4
117.8,102.107
117.82000000000001,110.792
117.84,116.827
117.86,119.677
117.88000000000001,119.056
117.9,114.988
117.92000000000002,107.712
117.94,104.343
117.96,102.874
117.98,101.269
118,99.745
118.02000000000001,98.475
118.04,97.454
118.06,96.573
118.08000000000001,95.725
118.1,94.862
118.12000000000002,93.991
118.14,93.137
118.16,92.317
118.18,91.531
118.2,90.771
118.22000000000001,90.03
118.24000000000001,89.303
118.25999999999999,88.59
118.28,87.894
118.3,87.214
118.32000000000001,86.55
118.34,85.901
118.36,85.266
118.38000000000001,84.644
118.4,84.034
118.42000000000002,83.437
118.44,82.851
118.46,82.277
118.48,81.714
118.5,81.161
118.52000000000001,80.617
118.54,81.327
118.56,91.846
118.58000000000001,102.489
118.6,111.081
118.62000000000002,117.001
118.64,119.719
118.66,118.961
118.68,114.763
118.7,107.368
118.72000000000001,104.288
118.74000000000001,102.814
118.75999999999999,101.208
118.78,99.691
118.8,98.431
118.82000000000001,97.419
118.84,96.541
118.86,95.692
118.88000000000001,94.828
118.9,93.958
118.92000000000002,93.105
118.94,92.286
118.96,91.501
118.98,90.742
119,90.002
119.02000000000001,89.275
119.04,88.563
119.06,87.867
119.08000000000001,87.188
119.1,86.525
119.12000000000002,85.877
119.14,85.242
119.16,84.62
119.18,84.011
119.2,83.414
